-- MySQL dump 10.11
--
-- Host: localhost    Database: people
-- ------------------------------------------------------
-- Server version	5.0.51a-24+lenny5

/*!40101 SET @OLD_CHARACTER_SET_CLIENT=@@CHARACTER_SET_CLIENT */;
/*!40101 SET @OLD_CHARACTER_SET_RESULTS=@@CHARACTER_SET_RESULTS */;
/*!40101 SET @OLD_COLLATION_CONNECTION=@@COLLATION_CONNECTION */;
/*!40101 SET NAMES utf8 */;
/*!40103 SET @OLD_TIME_ZONE=@@TIME_ZONE */;
/*!40103 SET TIME_ZONE='+00:00' */;
/*!40014 SET @OLD_UNIQUE_CHECKS=@@UNIQUE_CHECKS, UNIQUE_CHECKS=0 */;
/*!40014 SET @OLD_FOREIGN_KEY_CHECKS=@@FOREIGN_KEY_CHECKS, FOREIGN_KEY_CHECKS=0 */;
/*!40101 SET @OLD_SQL_MODE=@@SQL_MODE, SQL_MODE='NO_AUTO_VALUE_ON_ZERO' */;
/*!40111 SET @OLD_SQL_NOTES=@@SQL_NOTES, SQL_NOTES=0 */;

--
-- Table structure for table `active_admin_comments`
--

DROP TABLE IF EXISTS `active_admin_comments`;
SET @saved_cs_client     = @@character_set_client;
SET character_set_client = utf8;
CREATE TABLE `active_admin_comments` (
  `id` int(11) NOT NULL auto_increment,
  `resource_id` int(11) NOT NULL,
  `resource_type` varchar(255) NOT NULL,
  `author_id` int(11) default NULL,
  `author_type` varchar(255) default NULL,
  `body` text,
  `created_at` datetime default NULL,
  `updated_at` datetime default NULL,
  `namespace` varchar(255) default NULL,
  PRIMARY KEY  (`id`),
  KEY `index_active_admin_comments_on_author_type_and_author_id` (`author_type`,`author_id`),
  KEY `index_active_admin_comments_on_namespace` (`namespace`),
  KEY `index_admin_notes_on_resource_type_and_resource_id` (`resource_type`,`resource_id`)
) ENGINE=InnoDB DEFAULT CHARSET=utf8;
SET character_set_client = @saved_cs_client;

--
-- Dumping data for table `active_admin_comments`
--

LOCK TABLES `active_admin_comments` WRITE;
/*!40000 ALTER TABLE `active_admin_comments` DISABLE KEYS */;
/*!40000 ALTER TABLE `active_admin_comments` ENABLE KEYS */;
UNLOCK TABLES;

--
-- Table structure for table `admin_users`
--

DROP TABLE IF EXISTS `admin_users`;
SET @saved_cs_client     = @@character_set_client;
SET character_set_client = utf8;
CREATE TABLE `admin_users` (
  `id` int(11) NOT NULL auto_increment,
  `email` varchar(255) NOT NULL default '',
  `encrypted_password` varchar(128) NOT NULL default '',
  `reset_password_token` varchar(255) default NULL,
  `reset_password_sent_at` datetime default NULL,
  `remember_created_at` datetime default NULL,
  `sign_in_count` int(11) default '0',
  `current_sign_in_at` datetime default NULL,
  `last_sign_in_at` datetime default NULL,
  `current_sign_in_ip` varchar(255) default NULL,
  `last_sign_in_ip` varchar(255) default NULL,
  `created_at` datetime default NULL,
  `updated_at` datetime default NULL,
  PRIMARY KEY  (`id`),
  UNIQUE KEY `index_admin_users_on_email` (`email`),
  UNIQUE KEY `index_admin_users_on_reset_password_token` (`reset_password_token`)
) ENGINE=InnoDB AUTO_INCREMENT=2 DEFAULT CHARSET=utf8;
SET character_set_client = @saved_cs_client;

--
-- Dumping data for table `admin_users`
--

LOCK TABLES `admin_users` WRITE;
/*!40000 ALTER TABLE `admin_users` DISABLE KEYS */;
INSERT INTO `admin_users` VALUES (1,'fefa4ka@gmail.com','$2a$10$AydQ389v/C/30/7781fr/u6lG8gaINSpLBWAQpU9H0o/i01Qg4Vge',NULL,NULL,'2012-03-18 13:49:04',26,'2012-03-25 17:51:26','2012-03-18 13:49:04','91.197.11.250','91.197.11.250','2011-11-07 19:34:16','2012-03-25 17:51:26');
/*!40000 ALTER TABLE `admin_users` ENABLE KEYS */;
UNLOCK TABLES;

--
-- Table structure for table `answers`
--

DROP TABLE IF EXISTS `answers`;
SET @saved_cs_client     = @@character_set_client;
SET character_set_client = utf8;
CREATE TABLE `answers` (
  `id` int(11) NOT NULL auto_increment,
  `question_id` int(11) default NULL,
  `text` varchar(255) default NULL,
  `human_text` text,
  `created_at` datetime default NULL,
  `updated_at` datetime default NULL,
  PRIMARY KEY  (`id`)
) ENGINE=InnoDB AUTO_INCREMENT=134 DEFAULT CHARSET=utf8;
SET character_set_client = @saved_cs_client;

--
-- Dumping data for table `answers`
--

LOCK TABLES `answers` WRITE;
/*!40000 ALTER TABLE `answers` DISABLE KEYS */;
INSERT INTO `answers` VALUES (1,2,'мобильный телефон',NULL,'2011-11-29 18:22:24','2011-11-29 18:22:24'),(2,2,'автомобиль',NULL,'2011-11-29 18:22:24','2011-11-29 18:22:24'),(3,2,'сумка',NULL,'2011-11-29 18:22:24','2011-11-29 18:22:24'),(4,2,'ценные вещи',NULL,'2011-11-29 18:22:24','2011-11-29 18:22:24'),(5,2,'документы, удостоверяющие личность',NULL,'2011-11-29 18:22:24','2011-11-29 18:22:24'),(8,5,'агрессивная',NULL,'2011-11-29 19:08:28','2011-11-29 19:08:28'),(9,5,'сдерженная',NULL,'2011-11-29 19:08:28','2011-11-29 19:08:28'),(11,7,'наркотическая зависимость',NULL,'2011-11-30 17:50:12','2011-11-30 17:50:12'),(12,7,'курение',NULL,'2011-11-30 17:50:12','2011-11-30 17:50:12'),(13,7,'алкоголизм',NULL,'2011-11-30 17:50:12','2011-11-30 17:50:12'),(14,7,'пристрастие к азартными играм',NULL,'2011-11-30 17:50:12','2011-11-30 17:50:12'),(15,16,'глухой',NULL,'2011-12-01 15:29:59','2012-03-18 14:01:25'),(16,16,'немой',NULL,'2011-12-01 15:29:59','2012-03-18 14:01:25'),(17,16,'слепой',NULL,'2011-12-01 15:29:59','2012-03-18 14:01:25'),(18,19,'предприниматель',NULL,'2011-12-01 15:41:14','2011-12-01 15:41:14'),(19,19,'работник в частной организации',NULL,'2011-12-01 15:41:14','2011-12-01 15:41:14'),(20,19,'сотрудник правоохранительных органов',NULL,'2011-12-01 15:41:14','2011-12-01 15:41:14'),(21,19,'работник государственной организации',NULL,'2011-12-01 15:41:14','2011-12-01 15:41:14'),(22,19,'безработный',NULL,'2011-12-01 15:41:14','2011-12-01 15:41:14'),(23,24,'высокий (больше 180 см)',NULL,'2011-12-01 19:20:27','2011-12-01 19:20:27'),(24,24,'средний (от 150-180 см)',NULL,'2011-12-01 19:20:27','2011-12-01 19:20:27'),(25,24,'маленький (меньше 150 см)',NULL,'2011-12-01 19:20:27','2011-12-01 19:20:27'),(26,25,'полное',NULL,'2011-12-01 19:21:57','2011-12-01 19:21:57'),(27,25,'худощавое',NULL,'2011-12-01 19:21:57','2011-12-01 19:21:57'),(28,25,'спортивное',NULL,'2011-12-01 19:21:57','2011-12-01 19:21:57'),(29,25,'обычное',NULL,'2011-12-01 19:21:57','2011-12-01 19:21:57'),(30,26,'длинные',NULL,'2011-12-01 19:23:28','2011-12-01 19:23:28'),(31,26,'средние',NULL,'2011-12-01 19:23:28','2011-12-01 19:23:28'),(32,26,'короткие',NULL,'2011-12-01 19:23:28','2011-12-01 19:23:28'),(33,26,'нет волос',NULL,'2011-12-01 19:23:28','2011-12-01 19:23:28'),(34,27,'седые',NULL,'2011-12-01 19:24:11','2011-12-01 19:24:11'),(35,27,'рыжие',NULL,'2011-12-01 19:24:11','2011-12-01 19:24:11'),(36,27,'светлые',NULL,'2011-12-01 19:24:11','2011-12-01 19:24:11'),(37,27,'темные',NULL,'2011-12-01 19:24:11','2011-12-01 19:24:11'),(38,28,'шрамы, рубцы',NULL,'2011-12-01 19:25:09','2012-03-15 07:43:17'),(39,28,'татуировки',NULL,'2011-12-01 19:25:09','2011-12-01 19:25:09'),(40,28,'дефект конечностей',NULL,'2011-12-01 19:25:09','2011-12-01 19:25:09'),(41,28,'пирсинг',NULL,'2011-12-01 19:25:09','2011-12-01 19:25:09'),(42,30,'пропал, предположительно, в сельской (малонаселенной) местности',NULL,'2011-12-02 12:35:16','2012-03-15 08:14:24'),(43,30,'пропал, предположительно, в городской местности',NULL,'2011-12-02 12:35:16','2012-03-15 08:14:24'),(44,31,'в магазин',NULL,'2011-12-02 12:37:18','2011-12-02 12:37:18'),(45,31,'домой',NULL,'2011-12-02 12:37:18','2012-03-18 13:53:31'),(46,31,'на мероприятие/в гости',NULL,'2011-12-02 12:37:18','2012-03-18 13:53:31'),(47,31,'на работу',NULL,'2011-12-02 12:37:18','2012-03-18 13:53:31'),(48,31,'на учебу',NULL,'2011-12-02 12:37:18','2012-03-18 13:53:31'),(49,31,'по личными делам/на прогулку','Ушел по личным делам','2011-12-02 12:37:18','2012-03-18 13:53:31'),(51,32,'в поход',NULL,'2011-12-02 12:38:47','2012-03-15 08:22:06'),(52,32,'на рыбалку',NULL,'2011-12-02 12:38:47','2011-12-02 12:38:47'),(53,32,'за грибами',NULL,'2011-12-02 12:38:47','2011-12-02 12:38:47'),(54,32,'на охоту',NULL,'2011-12-02 12:38:47','2011-12-02 12:38:47'),(55,32,'купаться','','2011-12-02 12:38:47','2011-12-02 12:38:47'),(56,34,'Беларусь',NULL,'2011-12-06 21:43:33','2011-12-06 21:43:33'),(57,34,'Казахстан',NULL,'2011-12-06 21:43:33','2011-12-06 21:43:33'),(58,34,'Российская Федерация',NULL,'2011-12-06 21:43:33','2011-12-06 21:43:33'),(59,34,'Таджикистан',NULL,'2011-12-06 21:43:33','2011-12-06 21:43:33'),(60,34,'Украина',NULL,'2011-12-06 21:43:33','2011-12-06 21:43:33'),(61,34,'Узбекистан',NULL,'2011-12-06 21:43:33','2011-12-06 21:43:33'),(67,8,'yes',NULL,'2011-12-11 19:18:18','2011-12-11 19:18:18'),(68,8,'NO',NULL,'2011-12-11 19:18:18','2011-12-11 19:18:18'),(69,10,'yes',NULL,'2011-12-11 19:18:18','2011-12-11 19:18:18'),(70,10,'NO',NULL,'2011-12-11 19:18:18','2011-12-11 19:18:18'),(71,12,'yes',NULL,'2011-12-11 19:18:18','2011-12-11 19:18:18'),(72,12,'NO',NULL,'2011-12-11 19:18:18','2011-12-11 19:18:18'),(73,13,'yes',NULL,'2011-12-11 19:18:18','2011-12-11 19:18:18'),(74,13,'NO',NULL,'2011-12-11 19:18:18','2011-12-11 19:18:18'),(75,14,'yes',NULL,'2011-12-11 19:18:18','2011-12-11 19:18:18'),(76,14,'NO',NULL,'2011-12-11 19:18:18','2011-12-11 19:18:18'),(77,17,'yes',NULL,'2011-12-11 19:18:18','2011-12-11 19:18:18'),(78,17,'NO',NULL,'2011-12-11 19:18:18','2011-12-11 19:18:18'),(79,21,'yes',NULL,'2011-12-11 19:18:18','2011-12-11 19:18:18'),(80,21,'NO',NULL,'2011-12-11 19:18:18','2011-12-11 19:18:18'),(81,22,'yes',NULL,'2011-12-11 19:18:18','2011-12-11 19:18:18'),(82,22,'NO',NULL,'2011-12-11 19:18:18','2011-12-11 19:18:18'),(83,23,'yes',NULL,'2011-12-11 19:18:18','2011-12-11 19:18:18'),(84,23,'NO',NULL,'2011-12-11 19:18:18','2011-12-11 19:18:18'),(85,29,'yes',NULL,'2011-12-11 19:18:18','2011-12-11 19:18:18'),(86,29,'NO',NULL,'2011-12-11 19:18:18','2011-12-11 19:18:18'),(87,33,'yes',NULL,'2011-12-11 19:18:18','2011-12-11 19:18:18'),(88,33,'NO',NULL,'2011-12-11 19:18:18','2011-12-11 19:18:18'),(95,53,'Займусь расклейкой ориентировок',NULL,'2012-01-18 16:58:36','2012-01-18 16:58:36'),(96,53,'Помогу в прочесе местности',NULL,'2012-01-18 16:58:36','2012-01-18 16:58:36'),(97,53,'Распространю информацию в интернете',NULL,'2012-01-18 16:58:36','2012-01-18 16:58:36'),(98,53,'Обзвоню больницы и морги',NULL,'2012-01-18 16:58:36','2012-01-18 16:58:36'),(101,28,'заикание',NULL,'2012-03-15 07:43:17','2012-03-15 07:43:17'),(102,28,'картавость, шипелявость',NULL,'2012-03-15 07:43:17','2012-03-15 07:43:17'),(103,28,'барадавки',NULL,'2012-03-15 07:43:17','2012-03-15 07:43:17'),(104,28,'родимые пятна',NULL,'2012-03-15 07:43:17','2012-03-15 07:43:17'),(105,28,'болезненные движения телом, судороги, тики',NULL,'2012-03-15 07:43:17','2012-03-15 07:43:17'),(106,28,'дефекты конечностей',NULL,'2012-03-15 07:43:17','2012-03-15 07:43:17'),(109,30,'пропал в природных условиях',NULL,'2012-03-15 08:14:24','2012-03-15 08:14:24'),(110,30,'место пропажи и обстоятельства не известны',NULL,'2012-03-15 08:14:24','2012-03-15 08:14:24'),(113,32,'неизвестно, куда ушёл',NULL,'2012-03-15 08:22:06','2012-03-15 08:22:06'),(114,55,'ушел из дома',NULL,'2012-03-18 13:12:03','2012-03-18 13:12:03'),(115,55,'ушел с работы',NULL,'2012-03-18 13:12:03','2012-03-25 15:28:35'),(116,55,'ушел c учебы',NULL,'2012-03-18 13:12:03','2012-03-25 15:28:35'),(117,55,'ушел с мероприятия',NULL,'2012-03-18 13:12:03','2012-03-25 15:28:35'),(118,31,'место, куда он пошел, не известно',NULL,'2012-03-18 13:53:31','2012-03-18 13:53:31'),(119,7,'нет',NULL,'2012-03-18 14:00:22','2012-03-18 14:00:22'),(120,16,'нет',NULL,'2012-03-18 14:01:25','2012-03-18 14:01:25'),(129,55,'ушел из гостей',NULL,'2012-03-25 15:28:35','2012-03-25 15:28:35'),(132,55,'место, в котором он был перед пропажей, неизвестны',NULL,'2012-03-25 15:28:35','2012-03-25 15:28:35'),(133,28,'нету',NULL,'2012-03-15 07:43:17','2012-03-15 07:43:17');
/*!40000 ALTER TABLE `answers` ENABLE KEYS */;
UNLOCK TABLES;

--
-- Table structure for table `authors`
--

DROP TABLE IF EXISTS `authors`;
SET @saved_cs_client     = @@character_set_client;
SET character_set_client = utf8;
CREATE TABLE `authors` (
  `id` int(11) NOT NULL auto_increment,
  `name` varchar(255) default NULL,
  `phone` varchar(255) default NULL,
  `created_at` datetime default NULL,
  `updated_at` datetime default NULL,
  PRIMARY KEY  (`id`)
) ENGINE=InnoDB AUTO_INCREMENT=30 DEFAULT CHARSET=utf8;
SET character_set_client = @saved_cs_client;

--
-- Dumping data for table `authors`
--

LOCK TABLES `authors` WRITE;
/*!40000 ALTER TABLE `authors` DISABLE KEYS */;
INSERT INTO `authors` VALUES (1,'Александр','+7 926 372-11-63','2012-03-23 07:16:01','2012-03-23 07:16:01'),(2,'Алексей','+7 495 646-86-39','2012-03-23 10:21:35','2012-03-23 10:46:17'),(3,'Не допусти!','+7 499 252-83-63','2012-03-23 10:54:41','2012-03-26 13:06:20'),(4,'Не допусти!','+7 499 252-83-63','2012-03-25 16:36:59','2012-03-25 16:36:59'),(5,'Не допусти!','+7 499 252-83-63','2012-03-25 16:42:10','2012-03-25 16:42:10'),(6,'Не пропади!','+7 499 252-83-63','2012-03-25 17:13:47','2012-03-25 17:13:47'),(7,'Не пропади!','+7 499 252-83-63','2012-03-25 17:47:12','2012-03-25 17:47:12'),(8,'Не допусти!','+7 499 252-83-63','2012-03-26 13:11:59','2012-03-26 13:16:18'),(9,'Не допусти!','+7 499 252-83-63','2012-03-26 15:50:00','2012-03-26 15:50:00'),(10,'Izichka Fifa','','2012-03-26 16:12:19','2012-03-26 16:12:26'),(11,'Anton Novikov','+7 926 264-63-63','2012-04-01 19:25:00','2012-04-01 19:31:58'),(12,'poisklyudei.com','+7 926 264-63-63','2012-04-01 19:40:14','2012-04-01 19:40:14'),(13,'poisklyudei.com','+7 926 264-63-63','2012-04-01 19:46:54','2012-04-01 19:46:54'),(14,'poisklyudei.com','+7 926 264-63-63','2012-04-01 19:52:06','2012-04-01 19:52:06'),(15,'poisklyudei.com','+7 926 264-63-63','2012-04-01 20:00:59','2012-04-01 20:00:59'),(16,'poisklyudei.com','+7 926 264-63-63','2012-04-01 20:15:59','2012-04-01 20:15:59'),(17,'poisklyudei.com','+7 926 264-63-63','2012-04-01 20:22:46','2012-04-01 20:22:46'),(18,'poisklyudei.com','+7 926 264-63-63','2012-04-01 20:25:24','2012-04-01 20:25:24'),(19,'poisklyudei.com','+7 926 264-63-63','2012-04-01 20:29:03','2012-04-01 20:29:03'),(20,'poisklyudei.com','+7 926 264-63-63','2012-04-01 20:32:09','2012-04-01 20:32:09'),(21,'poisklyudei.com','+7 926 264-63-63','2012-04-01 20:33:58','2012-04-01 20:33:58'),(22,'poisklyudei.com','+7 926 264-63-63','2012-04-02 18:59:47','2012-04-02 18:59:47'),(23,'poisklyudei.com','+7 926 264-63-63','2012-04-02 19:12:46','2012-04-02 19:12:46'),(24,'poisklyudei.com','+7 926 264-63-63','2012-04-02 19:23:02','2012-04-02 19:23:02'),(25,'poisklyudei.com','+7 926 264-63-63','2012-04-02 19:26:02','2012-04-02 19:26:02'),(26,'poisklyudei.com','+7 926 264-63-63','2012-04-02 19:30:03','2012-04-02 19:30:03'),(27,'poisklyudei.com','+7 926 264-63-63','2012-04-02 19:39:05','2012-04-02 19:39:05'),(28,'poisklyudei.com','+7 926 264-63-63','2012-04-02 19:43:44','2012-04-02 19:43:44'),(29,'poisklyudei.com','+7 926 264-63-63','2012-04-02 19:49:56','2012-04-02 19:49:56');
/*!40000 ALTER TABLE `authors` ENABLE KEYS */;
UNLOCK TABLES;

--
-- Table structure for table `collections`
--

DROP TABLE IF EXISTS `collections`;
SET @saved_cs_client     = @@character_set_client;
SET character_set_client = utf8;
CREATE TABLE `collections` (
  `id` int(11) NOT NULL auto_increment,
  `name` varchar(255) default NULL,
  `title` varchar(255) default NULL,
  `created_at` datetime default NULL,
  `updated_at` datetime default NULL,
  `position` int(11) default NULL,
  PRIMARY KEY  (`id`)
) ENGINE=InnoDB AUTO_INCREMENT=2 DEFAULT CHARSET=utf8;
SET character_set_client = @saved_cs_client;

--
-- Dumping data for table `collections`
--

LOCK TABLES `collections` WRITE;
/*!40000 ALTER TABLE `collections` DISABLE KEYS */;
INSERT INTO `collections` VALUES (1,'public',NULL,'2011-12-14 18:02:37','2011-12-14 18:02:37',NULL);
/*!40000 ALTER TABLE `collections` ENABLE KEYS */;
UNLOCK TABLES;

--
-- Table structure for table `collections_questions`
--

DROP TABLE IF EXISTS `collections_questions`;
SET @saved_cs_client     = @@character_set_client;
SET character_set_client = utf8;
CREATE TABLE `collections_questions` (
  `question_id` int(11) default NULL,
  `collection_id` int(11) default NULL
) ENGINE=InnoDB DEFAULT CHARSET=utf8;
SET character_set_client = @saved_cs_client;

--
-- Dumping data for table `collections_questions`
--

LOCK TABLES `collections_questions` WRITE;
/*!40000 ALTER TABLE `collections_questions` DISABLE KEYS */;
INSERT INTO `collections_questions` VALUES (24,1),(25,1),(2,1),(26,1),(27,1),(28,1),(34,1),(36,1),(30,1),(31,1),(32,1),(33,1),(37,1),(38,1),(39,1),(40,1),(41,1),(42,1),(43,1),(44,1),(45,1),(46,1),(47,1),(55,1),(56,1),(57,1),(58,1),(62,1),(63,1),(64,1),(65,1),(67,1);
/*!40000 ALTER TABLE `collections_questions` ENABLE KEYS */;
UNLOCK TABLES;

--
-- Table structure for table `discussions`
--

DROP TABLE IF EXISTS `discussions`;
SET @saved_cs_client     = @@character_set_client;
SET character_set_client = utf8;
CREATE TABLE `discussions` (
  `id` int(11) NOT NULL auto_increment,
  `comment` text,
  `discussion_id` int(11) default NULL,
  `created_at` datetime default NULL,
  `updated_at` datetime default NULL,
  `missing_id` int(11) default NULL,
  `user_id` int(11) default NULL,
  PRIMARY KEY  (`id`),
  KEY `index_discussions_on_discussion_id` (`discussion_id`)
) ENGINE=InnoDB AUTO_INCREMENT=2 DEFAULT CHARSET=utf8;
SET character_set_client = @saved_cs_client;

--
-- Dumping data for table `discussions`
--

LOCK TABLES `discussions` WRITE;
/*!40000 ALTER TABLE `discussions` DISABLE KEYS */;
INSERT INTO `discussions` VALUES (1,'Нужно искать!',NULL,'2012-03-25 16:36:04','2012-03-25 16:36:04',6,7);
/*!40000 ALTER TABLE `discussions` ENABLE KEYS */;
UNLOCK TABLES;

--
-- Table structure for table `familiars`
--

DROP TABLE IF EXISTS `familiars`;
SET @saved_cs_client     = @@character_set_client;
SET character_set_client = utf8;
CREATE TABLE `familiars` (
  `id` int(11) NOT NULL auto_increment,
  `name` varchar(255) default NULL,
  `relations` varchar(255) default NULL,
  `relations_quality` varchar(255) default NULL,
  `relations_tense_description` text,
  `description` text,
  `seen_last_day` tinyint(1) default NULL,
  `missing_id` int(11) default NULL,
  `created_at` datetime default NULL,
  `updated_at` datetime default NULL,
  PRIMARY KEY  (`id`),
  KEY `index_familiars_on_missing_id` (`missing_id`)
) ENGINE=InnoDB DEFAULT CHARSET=utf8;
SET character_set_client = @saved_cs_client;

--
-- Dumping data for table `familiars`
--

LOCK TABLES `familiars` WRITE;
/*!40000 ALTER TABLE `familiars` DISABLE KEYS */;
/*!40000 ALTER TABLE `familiars` ENABLE KEYS */;
UNLOCK TABLES;

--
-- Table structure for table `help_types`
--

DROP TABLE IF EXISTS `help_types`;
SET @saved_cs_client     = @@character_set_client;
SET character_set_client = utf8;
CREATE TABLE `help_types` (
  `id` int(11) NOT NULL auto_increment,
  `name` varchar(255) default NULL,
  `created_at` datetime default NULL,
  `updated_at` datetime default NULL,
  PRIMARY KEY  (`id`)
) ENGINE=InnoDB AUTO_INCREMENT=6 DEFAULT CHARSET=utf8;
SET character_set_client = @saved_cs_client;

--
-- Dumping data for table `help_types`
--

LOCK TABLES `help_types` WRITE;
/*!40000 ALTER TABLE `help_types` DISABLE KEYS */;
INSERT INTO `help_types` VALUES (1,'Распространю объявление о пропаже','2011-11-04 12:26:49','2011-11-04 12:26:49'),(3,'Займусь прочесом месности','2011-11-04 12:28:11','2011-11-04 12:28:11'),(4,'Обзвоню больницы, морги','2011-11-04 12:28:12','2011-11-04 12:28:12'),(5,'Помогу в организации поисков','2011-11-04 12:28:12','2011-11-04 12:28:12');
/*!40000 ALTER TABLE `help_types` ENABLE KEYS */;
UNLOCK TABLES;

--
-- Table structure for table `histories`
--

DROP TABLE IF EXISTS `histories`;
SET @saved_cs_client     = @@character_set_client;
SET character_set_client = utf8;
CREATE TABLE `histories` (
  `id` int(11) NOT NULL auto_increment,
  `missing_id` int(11) default NULL,
  `question_id` int(11) default NULL,
  `user_id` int(11) default NULL,
  `answer_id` int(11) default NULL,
  `text` text,
  `created_at` datetime default NULL,
  `updated_at` datetime default NULL,
  PRIMARY KEY  (`id`),
  KEY `index_histories_on_answer_id` (`answer_id`),
  KEY `index_histories_on_missing_id` (`missing_id`),
  KEY `index_histories_on_question_id` (`question_id`),
  KEY `index_histories_on_user_id` (`user_id`)
) ENGINE=InnoDB AUTO_INCREMENT=495 DEFAULT CHARSET=utf8;
SET character_set_client = @saved_cs_client;

--
-- Dumping data for table `histories`
--

LOCK TABLES `histories` WRITE;
/*!40000 ALTER TABLE `histories` DISABLE KEYS */;
INSERT INTO `histories` VALUES (1,1,24,1,NULL,'110-120','2012-03-23 06:54:24','2012-03-23 06:54:24'),(2,1,25,1,29,NULL,'2012-03-23 06:54:31','2012-03-23 06:54:31'),(3,1,26,1,32,NULL,'2012-03-23 06:54:35','2012-03-23 06:54:35'),(4,1,27,1,NULL,'темно-русые','2012-03-23 06:54:44','2012-03-23 06:54:44'),(5,1,34,1,58,NULL,'2012-03-23 06:54:59','2012-03-23 06:54:59'),(6,1,35,1,NULL,'08.03.2012','2012-03-23 06:55:15','2012-03-23 06:55:15'),(7,1,36,1,NULL,'куртка болоньевая без капюшона синего цвета со вставками красного цвета, внутри - мех, застегивается на липучку, коричневая шапка, темные брюки, черные ботинки.','2012-03-23 06:55:21','2012-03-23 06:55:21'),(8,1,30,1,43,NULL,'2012-03-23 06:55:33','2012-03-23 06:55:33'),(9,1,55,1,114,NULL,'2012-03-23 06:55:41','2012-03-23 06:55:41'),(10,1,31,1,118,NULL,'2012-03-23 06:55:46','2012-03-23 06:55:46'),(11,3,24,2,25,NULL,'2012-03-23 08:45:56','2012-03-23 08:45:56'),(12,3,25,2,NULL,'младенец','2012-03-23 08:46:03','2012-03-23 08:46:03'),(13,3,26,2,33,NULL,'2012-03-23 08:46:17','2012-03-23 08:46:17'),(14,3,34,2,58,NULL,'2012-03-23 08:46:19','2012-03-23 08:46:19'),(15,3,35,2,NULL,'11.03.2012','2012-03-23 08:47:23','2012-03-23 08:47:23'),(16,3,36,2,NULL,'белая футболка, оранжевые колготки, розовая кофточка и розовые носочки, розовый комбинезон и белую шапочку.','2012-03-23 08:47:40','2012-03-23 08:47:40'),(17,3,30,2,43,NULL,'2012-03-23 08:47:51','2012-03-23 08:47:51'),(18,3,55,2,NULL,'Стоял у зоомагазина','2012-03-23 08:48:40','2012-03-23 08:48:40'),(19,3,31,2,49,NULL,'2012-03-23 08:54:24','2012-03-23 08:54:24'),(20,3,39,2,NULL,'1','2012-03-23 08:56:32','2012-03-23 08:56:32'),(21,4,24,3,24,NULL,'2012-03-23 10:37:33','2012-03-23 10:37:33'),(22,4,25,3,27,NULL,'2012-03-23 10:37:38','2012-03-23 10:37:38'),(23,4,26,3,30,NULL,'2012-03-23 10:37:49','2012-03-23 10:37:49'),(24,4,27,3,36,NULL,'2012-03-23 10:37:51','2012-03-23 10:37:51'),(25,4,34,3,58,NULL,'2012-03-23 10:37:54','2012-03-23 10:37:54'),(26,4,35,3,NULL,'02.03.2012','2012-03-23 10:38:06','2012-03-23 10:38:06'),(27,4,36,3,NULL,'пальто, красный свитер, серые брюки','2012-03-23 10:38:14','2012-03-23 10:38:14'),(28,4,30,3,43,NULL,'2012-03-23 10:38:27','2012-03-23 10:38:27'),(29,4,55,3,115,NULL,'2012-03-23 10:38:30','2012-03-23 10:38:30'),(30,4,31,3,45,NULL,'2012-03-23 10:38:34','2012-03-23 10:38:34'),(31,4,58,3,NULL,'2','2012-03-23 10:45:30','2012-03-23 10:45:30'),(32,4,28,3,38,NULL,'2012-03-23 10:46:33','2012-03-23 10:46:33'),(33,4,2,3,1,NULL,'2012-03-23 10:46:39','2012-03-23 10:46:39'),(34,3,53,4,NULL,'skip','2012-03-23 11:20:39','2012-03-23 11:20:39'),(35,2,24,6,23,NULL,'2012-03-25 08:33:55','2012-03-25 08:33:55'),(36,2,25,6,27,NULL,'2012-03-25 08:34:08','2012-03-25 08:34:08'),(37,2,26,6,32,NULL,'2012-03-25 08:34:14','2012-03-25 08:34:14'),(38,2,27,6,37,NULL,'2012-03-25 08:34:40','2012-03-25 08:34:40'),(39,2,34,6,58,NULL,'2012-03-25 08:34:44','2012-03-25 08:34:44'),(40,2,35,6,NULL,'21.01.2012','2012-03-25 08:34:57','2012-03-25 08:34:57'),(41,2,36,6,NULL,'черная болоньевая куртка, черные спортивные штаны, с белыми лампасами. Коричневые ботинки. В руках портфель.','2012-03-25 08:36:29','2012-03-25 08:36:29'),(42,6,24,7,24,NULL,'2012-03-25 16:30:37','2012-03-25 16:30:37'),(43,6,25,7,27,NULL,'2012-03-25 16:30:53','2012-03-25 16:30:53'),(44,6,26,7,31,NULL,'2012-03-25 16:30:56','2012-03-25 16:30:56'),(45,6,27,7,37,NULL,'2012-03-25 16:31:01','2012-03-25 16:31:01'),(46,6,34,7,58,NULL,'2012-03-25 16:31:10','2012-03-25 16:31:10'),(47,6,35,7,NULL,'12.12.2011','2012-03-25 16:31:24','2012-03-25 16:31:24'),(48,6,36,7,NULL,'куртка-пуховик серого цвета.','2012-03-25 16:31:26','2012-03-25 16:31:26'),(49,6,30,7,43,NULL,'2012-03-25 16:31:32','2012-03-25 16:31:32'),(50,6,55,7,114,NULL,'2012-03-25 16:31:35','2012-03-25 16:31:35'),(51,6,31,7,118,NULL,'2012-03-25 16:31:43','2012-03-25 16:31:43'),(52,6,58,7,NULL,'3','2012-03-25 16:32:20','2012-03-25 16:32:20'),(53,6,28,7,133,NULL,'2012-03-25 16:35:16','2012-03-25 16:35:16'),(54,6,2,7,NULL,'skip','2012-03-25 16:35:27','2012-03-25 16:35:27'),(55,6,7,7,NULL,'skip','2012-03-25 16:35:28','2012-03-25 16:35:28'),(56,6,14,7,NULL,'skip','2012-03-25 16:35:30','2012-03-25 16:35:30'),(57,6,19,7,22,NULL,'2012-03-25 16:35:48','2012-03-25 16:35:48'),(58,7,24,7,23,NULL,'2012-03-25 16:38:57','2012-03-25 16:38:57'),(59,7,25,7,27,NULL,'2012-03-25 16:39:03','2012-03-25 16:39:03'),(60,7,26,7,32,NULL,'2012-03-25 16:39:44','2012-03-25 16:39:44'),(61,7,27,7,37,NULL,'2012-03-25 16:39:51','2012-03-25 16:39:51'),(62,7,66,7,NULL,'серо-голубые','2012-03-25 16:39:58','2012-03-25 16:39:58'),(63,7,34,7,58,NULL,'2012-03-25 16:40:01','2012-03-25 16:40:01'),(64,7,35,7,NULL,'02.11.2011','2012-03-25 16:40:26','2012-03-25 16:40:26'),(65,7,36,7,NULL,'синие джинсы, голубой батник, куртка серая укороченная кожаная, замшевая черная обувь','2012-03-25 16:40:40','2012-03-25 16:40:40'),(66,7,30,7,43,NULL,'2012-03-25 16:40:49','2012-03-25 16:40:49'),(67,7,55,7,114,NULL,'2012-03-25 16:40:53','2012-03-25 16:40:53'),(68,7,31,7,118,NULL,'2012-03-25 16:41:05','2012-03-25 16:41:05'),(69,7,58,7,NULL,'4','2012-03-25 16:41:14','2012-03-25 16:41:14'),(70,7,28,7,NULL,'skip','2012-03-25 16:41:33','2012-03-25 16:41:33'),(71,7,2,7,1,NULL,'2012-03-25 16:41:42','2012-03-25 16:41:42'),(72,7,2,7,3,NULL,'2012-03-25 16:41:42','2012-03-25 16:41:42'),(73,7,2,7,4,NULL,'2012-03-25 16:41:42','2012-03-25 16:41:42'),(74,7,4,7,NULL,'банковская карта','2012-03-25 16:41:49','2012-03-25 16:41:49'),(75,7,7,7,NULL,'skip','2012-03-25 16:41:58','2012-03-25 16:41:58'),(76,7,14,7,NULL,'skip','2012-03-25 16:41:59','2012-03-25 16:41:59'),(77,7,19,7,22,NULL,'2012-03-25 16:42:02','2012-03-25 16:42:02'),(78,8,24,7,25,NULL,'2012-03-25 16:43:25','2012-03-25 16:43:25'),(79,8,25,7,27,NULL,'2012-03-25 16:43:31','2012-03-25 16:43:31'),(80,8,26,7,32,NULL,'2012-03-25 16:43:33','2012-03-25 16:43:33'),(81,8,27,7,37,NULL,'2012-03-25 16:43:35','2012-03-25 16:43:35'),(82,8,66,7,NULL,'карие','2012-03-25 16:43:42','2012-03-25 16:43:42'),(83,8,34,7,60,NULL,'2012-03-25 16:43:50','2012-03-25 16:43:50'),(84,8,35,7,NULL,'17.11.2011','2012-03-25 16:44:05','2012-03-25 16:44:05'),(85,8,36,7,NULL,'брюки черного цвета, черная кофта','2012-03-25 16:44:14','2012-03-25 16:44:14'),(86,8,30,7,43,NULL,'2012-03-25 16:44:19','2012-03-25 16:44:19'),(87,8,55,7,NULL,'ушел из больницы','2012-03-25 16:44:34','2012-03-25 16:44:34'),(89,8,57,7,NULL,'5','2012-03-25 16:51:19','2012-03-25 16:51:19'),(90,9,24,8,24,NULL,'2012-03-25 17:01:54','2012-03-25 17:01:54'),(91,9,25,8,27,NULL,'2012-03-25 17:02:01','2012-03-25 17:02:01'),(92,9,26,8,32,NULL,'2012-03-25 17:02:21','2012-03-25 17:02:21'),(93,9,27,8,36,NULL,'2012-03-25 17:02:26','2012-03-25 17:02:26'),(94,9,66,8,NULL,'голубой','2012-03-25 17:02:35','2012-03-25 17:02:35'),(95,9,34,8,58,NULL,'2012-03-25 17:02:57','2012-03-25 17:02:57'),(96,9,35,8,NULL,'03.09.2011','2012-03-25 17:03:17','2012-03-25 17:03:17'),(98,9,30,8,42,NULL,'2012-03-25 17:05:15','2012-03-25 17:05:15'),(99,9,32,8,113,NULL,'2012-03-25 17:05:36','2012-03-25 17:05:36'),(100,9,28,8,NULL,'волосы волнистые светло-русые','2012-03-25 17:08:14','2012-03-25 17:08:14'),(103,9,14,8,76,'no','2012-03-25 17:08:50','2012-03-25 17:08:50'),(104,9,8,8,68,'no','2012-03-25 17:08:54','2012-03-25 17:08:54'),(111,9,10,8,NULL,'skip','2012-03-25 17:27:22','2012-03-25 17:27:22'),(112,9,12,8,NULL,'skip','2012-03-25 17:27:23','2012-03-25 17:27:23'),(113,9,15,8,NULL,'skip','2012-03-25 17:27:25','2012-03-25 17:27:25'),(114,9,16,8,120,NULL,'2012-03-25 17:27:33','2012-03-25 17:27:33'),(115,9,36,8,NULL,'джинсы темно-синие, джемпер бежевый, футболка желтая, кроссовки замшевые черные','2012-03-25 17:27:42','2012-03-25 17:27:42'),(116,9,2,8,NULL,'skip','2012-03-25 17:27:45','2012-03-25 17:27:45'),(117,9,7,8,12,NULL,'2012-03-25 17:27:50','2012-03-25 17:27:50'),(118,9,19,8,22,NULL,'2012-03-25 17:27:54','2012-03-25 17:27:54'),(119,10,24,8,24,NULL,'2012-03-25 17:31:42','2012-03-25 17:31:42'),(120,10,25,8,29,NULL,'2012-03-25 17:31:48','2012-03-25 17:31:48'),(121,10,26,8,30,NULL,'2012-03-25 17:31:54','2012-03-25 17:31:54'),(122,10,27,8,37,NULL,'2012-03-25 17:31:57','2012-03-25 17:31:57'),(123,10,66,8,NULL,'skip','2012-03-25 17:32:03','2012-03-25 17:32:03'),(124,10,34,8,58,NULL,'2012-03-25 17:32:16','2012-03-25 17:32:16'),(125,10,35,8,NULL,'21.05.2011','2012-03-25 17:32:26','2012-03-25 17:32:26'),(126,10,36,8,NULL,'куртка матерчатая голубая, блузка черная, джинсы синие, колготки, балетки черные','2012-03-25 17:32:37','2012-03-25 17:32:37'),(127,10,30,8,43,NULL,'2012-03-25 17:32:42','2012-03-25 17:32:42'),(128,10,55,8,114,NULL,'2012-03-25 17:37:34','2012-03-25 17:37:34'),(129,10,58,8,NULL,'6','2012-03-25 17:37:45','2012-03-25 17:37:45'),(130,10,31,8,118,NULL,'2012-03-25 17:37:48','2012-03-25 17:37:48'),(131,5,24,3,NULL,'127','2012-03-26 13:03:14','2012-03-26 13:03:14'),(132,5,25,3,27,NULL,'2012-03-26 13:03:27','2012-03-26 13:03:27'),(133,5,26,3,32,NULL,'2012-03-26 13:03:29','2012-03-26 13:03:29'),(134,5,27,3,36,NULL,'2012-03-26 13:03:31','2012-03-26 13:03:31'),(135,5,66,3,NULL,'карие','2012-03-26 13:03:37','2012-03-26 13:03:37'),(136,5,34,3,58,NULL,'2012-03-26 13:03:42','2012-03-26 13:03:42'),(137,5,35,3,NULL,'29.11.2010','2012-03-26 13:03:51','2012-03-26 13:03:51'),(138,5,36,3,NULL,'в черную шапку вязаную с синей окантовкой, пуховик темно-синий, коричневую-кофту с синеми вставками.','2012-03-26 13:04:01','2012-03-26 13:04:01'),(139,5,30,3,43,NULL,'2012-03-26 13:05:35','2012-03-26 13:05:35'),(140,5,55,3,NULL,'ушел из санатория «Белые горы»','2012-03-26 13:05:55','2012-03-26 13:05:55'),(141,5,57,3,NULL,'7','2012-03-26 13:06:04','2012-03-26 13:06:04'),(142,5,31,3,118,NULL,'2012-03-26 13:06:08','2012-03-26 13:06:08'),(143,12,24,3,24,NULL,'2012-03-26 13:12:39','2012-03-26 13:12:39'),(144,12,25,3,27,NULL,'2012-03-26 13:12:49','2012-03-26 13:12:49'),(145,12,26,3,30,NULL,'2012-03-26 13:12:53','2012-03-26 13:12:53'),(146,12,27,3,36,NULL,'2012-03-26 13:12:56','2012-03-26 13:12:56'),(147,12,66,3,NULL,'светлые','2012-03-26 13:13:03','2012-03-26 13:13:03'),(148,12,34,3,58,NULL,'2012-03-26 13:13:12','2012-03-26 13:13:12'),(149,12,35,3,NULL,'30.10.2011','2012-03-26 13:13:19','2012-03-26 13:13:19'),(150,12,36,3,NULL,'черная кожаная куртка, светло-коричневый шарф, джинсы темного цвета, высокие черные сапоги.','2012-03-26 13:13:25','2012-03-26 13:13:25'),(151,12,30,3,43,NULL,'2012-03-26 13:13:52','2012-03-26 13:13:52'),(152,12,55,3,NULL,'ушла из общежития','2012-03-26 13:14:07','2012-03-26 13:14:07'),(153,12,57,3,NULL,'8','2012-03-26 13:14:24','2012-03-26 13:14:24'),(154,12,31,3,118,NULL,'2012-03-26 13:14:36','2012-03-26 13:14:36'),(155,13,24,13,24,NULL,'2012-03-26 15:36:38','2012-03-26 15:36:38'),(156,13,25,13,27,NULL,'2012-03-26 15:36:41','2012-03-26 15:36:41'),(157,13,26,13,30,NULL,'2012-03-26 15:36:44','2012-03-26 15:36:44'),(158,13,27,13,36,NULL,'2012-03-26 15:36:50','2012-03-26 15:36:50'),(159,13,66,13,NULL,'карие','2012-03-26 15:36:55','2012-03-26 15:36:55'),(160,13,34,13,58,NULL,'2012-03-26 15:36:57','2012-03-26 15:36:57'),(161,13,35,13,NULL,'22.11.2011','2012-03-26 15:37:15','2012-03-26 15:37:15'),(162,13,36,13,NULL,'темные джинсы, темная болоневая жилетка.','2012-03-26 15:37:30','2012-03-26 15:37:30'),(163,13,30,13,42,NULL,'2012-03-26 15:37:54','2012-03-26 15:37:54'),(164,13,55,13,116,NULL,'2012-03-26 15:37:57','2012-03-26 15:37:57'),(165,13,63,13,NULL,'9','2012-03-26 15:38:07','2012-03-26 15:38:07'),(166,13,32,13,113,NULL,'2012-03-26 15:38:25','2012-03-26 15:38:25'),(167,3,53,13,95,NULL,'2012-03-26 15:41:15','2012-03-26 15:41:15'),(168,3,53,13,96,NULL,'2012-03-26 15:41:15','2012-03-26 15:41:15'),(169,3,53,23,97,NULL,'2012-03-26 20:13:56','2012-04-01 19:25:00'),(170,16,24,16,23,NULL,'2012-03-27 14:24:48','2012-03-27 14:24:48'),(171,16,25,16,29,NULL,'2012-03-27 14:25:01','2012-03-27 14:25:01'),(172,16,26,16,30,NULL,'2012-03-27 14:25:22','2012-03-27 14:25:22'),(173,17,24,20,24,NULL,'2012-03-28 12:57:22','2012-03-28 12:57:22'),(174,17,25,20,27,NULL,'2012-03-28 12:57:32','2012-03-28 12:57:32'),(175,17,26,20,32,NULL,'2012-03-28 12:57:44','2012-03-28 12:57:44'),(176,17,27,20,36,NULL,'2012-03-28 12:57:48','2012-03-28 12:57:48'),(177,17,66,20,NULL,'серые','2012-03-28 12:58:04','2012-03-28 12:58:04'),(178,17,34,20,58,NULL,'2012-03-28 12:58:18','2012-03-28 12:58:18'),(179,17,35,20,NULL,'12.12.2011','2012-03-28 12:58:57','2012-03-28 12:58:57'),(180,17,36,20,NULL,'тёплая удлинённая куртка синего цвета,внизу куртки надпись крупными иностран.буквами,шапка Nike,штаны джинсовые синего цвета с накладными карманами и ремешками,кофта как на фото,зимние кроссовки серого цвета','2012-03-28 12:59:12','2012-03-28 12:59:12'),(181,17,30,20,43,NULL,'2012-03-28 13:01:01','2012-03-28 13:01:01'),(182,17,55,20,114,NULL,'2012-03-28 13:01:30','2012-03-28 13:01:30'),(183,17,58,20,NULL,'10','2012-03-28 13:02:57','2012-03-28 13:02:57'),(184,17,31,20,118,NULL,'2012-03-28 13:03:15','2012-03-28 13:03:15'),(185,19,24,23,24,NULL,'2012-04-01 19:06:17','2012-04-01 19:25:00'),(186,19,25,23,29,NULL,'2012-04-01 19:06:22','2012-04-01 19:25:00'),(187,19,26,23,32,NULL,'2012-04-01 19:06:26','2012-04-01 19:25:00'),(188,19,27,23,37,NULL,'2012-04-01 19:06:30','2012-04-01 19:25:00'),(189,19,66,23,NULL,'skip','2012-04-01 19:06:42','2012-04-01 19:25:00'),(190,19,34,23,58,NULL,'2012-04-01 19:07:05','2012-04-01 19:25:00'),(191,19,35,23,NULL,'29.07.2011','2012-04-01 19:07:23','2012-04-01 19:25:00'),(192,19,36,23,NULL,'зеленую футболку, синие брюки \"Адидас\" с полоской, черный шлепанцы','2012-04-01 19:08:11','2012-04-01 19:25:00'),(193,19,30,23,42,NULL,'2012-04-01 19:08:20','2012-04-01 19:25:00'),(194,19,55,23,114,NULL,'2012-04-01 19:08:33','2012-04-01 19:25:00'),(195,19,58,23,NULL,'11','2012-04-01 19:08:55','2012-04-01 19:25:00'),(196,19,32,23,113,NULL,'2012-04-01 19:09:07','2012-04-01 19:25:00'),(197,20,24,23,23,NULL,'2012-04-01 19:21:52','2012-04-01 19:25:00'),(198,20,25,23,29,NULL,'2012-04-01 19:21:58','2012-04-01 19:25:00'),(199,20,26,23,32,NULL,'2012-04-01 19:22:05','2012-04-01 19:25:00'),(200,20,27,23,36,NULL,'2012-04-01 19:22:08','2012-04-01 19:25:00'),(201,20,66,23,NULL,'skip','2012-04-01 19:22:11','2012-04-01 19:25:00'),(202,20,34,23,NULL,'skip','2012-04-01 19:22:15','2012-04-01 19:25:00'),(203,20,35,23,NULL,'01.04.2012','2012-04-01 19:22:42','2012-04-01 19:25:00'),(204,20,36,23,NULL,'skip','2012-04-01 19:22:45','2012-04-01 19:25:00'),(205,20,30,23,NULL,'skip','2012-04-01 19:22:51','2012-04-01 19:25:00'),(206,20,56,23,NULL,'skip','2012-04-01 19:22:55','2012-04-01 19:25:00'),(207,20,57,23,NULL,'skip','2012-04-01 19:23:27','2012-04-01 19:25:00'),(208,21,24,23,24,NULL,'2012-04-01 19:30:54','2012-04-01 19:30:54'),(209,21,25,23,29,NULL,'2012-04-01 19:31:00','2012-04-01 19:31:00'),(210,21,26,23,32,NULL,'2012-04-01 19:31:04','2012-04-01 19:31:04'),(211,21,27,23,37,NULL,'2012-04-01 19:31:07','2012-04-01 19:31:07'),(212,21,66,23,NULL,'skip','2012-04-01 19:31:10','2012-04-01 19:31:10'),(213,21,34,23,58,NULL,'2012-04-01 19:31:12','2012-04-01 19:31:12'),(214,21,35,23,NULL,'02.03.2011','2012-04-01 19:31:27','2012-04-01 19:31:27'),(215,21,36,23,NULL,'skip','2012-04-01 19:31:31','2012-04-01 19:31:31'),(216,21,30,23,110,NULL,'2012-04-01 19:31:38','2012-04-01 19:31:38'),(217,21,28,23,NULL,'skip','2012-04-01 19:32:19','2012-04-01 19:32:19'),(218,21,2,23,NULL,'skip','2012-04-01 19:32:21','2012-04-01 19:32:21'),(219,21,7,23,NULL,'skip','2012-04-01 19:32:23','2012-04-01 19:32:23'),(220,21,14,23,NULL,'skip','2012-04-01 19:32:25','2012-04-01 19:32:25'),(221,21,19,23,NULL,'skip','2012-04-01 19:32:27','2012-04-01 19:32:27'),(222,22,24,24,24,NULL,'2012-04-01 19:37:40','2012-04-01 19:37:40'),(223,22,25,24,29,NULL,'2012-04-01 19:37:45','2012-04-01 19:37:45'),(224,22,26,24,31,NULL,'2012-04-01 19:37:48','2012-04-01 19:37:48'),(225,22,27,24,34,NULL,'2012-04-01 19:37:56','2012-04-01 19:37:56'),(226,22,66,24,NULL,'skip','2012-04-01 19:37:59','2012-04-01 19:37:59'),(227,22,34,24,58,NULL,'2012-04-01 19:38:02','2012-04-01 19:38:02'),(228,22,35,24,NULL,'23.03.2012','2012-04-01 19:38:23','2012-04-01 19:38:23'),(229,22,36,24,NULL,'skip','2012-04-01 19:38:49','2012-04-01 19:38:49'),(230,22,30,24,43,NULL,'2012-04-01 19:38:54','2012-04-01 19:38:54'),(231,22,55,24,132,NULL,'2012-04-01 19:39:06','2012-04-01 19:39:06'),(232,22,31,24,118,NULL,'2012-04-01 19:39:12','2012-04-01 19:39:12'),(233,23,24,24,24,NULL,'2012-04-01 19:41:49','2012-04-01 19:41:49'),(234,23,25,24,29,NULL,'2012-04-01 19:41:56','2012-04-01 19:41:56'),(235,23,26,24,32,NULL,'2012-04-01 19:42:01','2012-04-01 19:42:01'),(236,23,27,24,37,NULL,'2012-04-01 19:42:03','2012-04-01 19:42:03'),(237,23,66,24,NULL,'skip','2012-04-01 19:42:21','2012-04-01 19:42:21'),(238,23,34,24,58,NULL,'2012-04-01 19:42:30','2012-04-01 19:42:30'),(239,23,35,24,NULL,'05.06.2011','2012-04-01 19:42:54','2012-04-01 19:42:54'),(240,23,36,24,NULL,'skip','2012-04-01 19:43:07','2012-04-01 19:43:07'),(241,23,30,24,43,NULL,'2012-04-01 19:43:17','2012-04-01 19:43:17'),(242,23,55,24,132,NULL,'2012-04-01 19:43:21','2012-04-01 19:43:21'),(243,23,31,24,118,NULL,'2012-04-01 19:43:28','2012-04-01 19:43:28'),(244,24,24,24,NULL,'skip','2012-04-01 19:49:50','2012-04-01 19:49:50'),(245,24,25,24,29,NULL,'2012-04-01 19:49:55','2012-04-01 19:49:55'),(246,24,26,24,32,NULL,'2012-04-01 19:50:09','2012-04-01 19:50:09'),(247,24,27,24,37,NULL,'2012-04-01 19:50:11','2012-04-01 19:50:11'),(248,24,66,24,NULL,'skip','2012-04-01 19:50:13','2012-04-01 19:50:13'),(249,24,34,24,58,NULL,'2012-04-01 19:50:17','2012-04-01 19:50:17'),(250,24,35,24,NULL,'30.12.2011','2012-04-01 19:50:26','2012-04-01 19:50:26'),(251,24,36,24,NULL,'короткую черную куртку и брюки темного цыета','2012-04-01 19:50:46','2012-04-01 19:50:46'),(252,24,30,24,43,NULL,'2012-04-01 19:50:59','2012-04-01 19:50:59'),(253,24,55,24,132,NULL,'2012-04-01 19:51:08','2012-04-01 19:51:08'),(254,24,31,24,45,NULL,'2012-04-01 19:51:16','2012-04-01 19:51:16'),(255,24,67,24,NULL,'12','2012-04-01 19:51:38','2012-04-01 19:51:38'),(256,25,24,24,24,NULL,'2012-04-01 19:52:59','2012-04-01 19:52:59'),(257,25,25,24,29,NULL,'2012-04-01 19:53:03','2012-04-01 19:53:03'),(258,25,26,24,32,NULL,'2012-04-01 19:53:06','2012-04-01 19:53:06'),(259,25,27,24,37,NULL,'2012-04-01 19:53:08','2012-04-01 19:53:08'),(260,25,66,24,NULL,'skip','2012-04-01 19:53:10','2012-04-01 19:53:10'),(261,25,34,24,58,NULL,'2012-04-01 19:53:13','2012-04-01 19:53:13'),(262,25,35,24,NULL,'14.01.2012','2012-04-01 19:53:20','2012-04-01 19:53:20'),(263,25,36,24,NULL,'skip','2012-04-01 19:53:31','2012-04-01 19:53:31'),(264,25,30,24,43,NULL,'2012-04-01 19:53:43','2012-04-01 19:53:43'),(265,25,55,24,114,NULL,'2012-04-01 19:53:47','2012-04-01 19:53:47'),(266,25,58,24,NULL,'13','2012-04-01 19:54:51','2012-04-01 19:54:51'),(267,25,31,24,118,NULL,'2012-04-01 19:55:00','2012-04-01 19:55:00'),(268,26,24,24,23,NULL,'2012-04-01 20:02:22','2012-04-01 20:02:22'),(269,26,25,24,29,NULL,'2012-04-01 20:02:34','2012-04-01 20:02:34'),(270,26,26,24,32,NULL,'2012-04-01 20:02:37','2012-04-01 20:02:37'),(271,26,27,24,NULL,NULL,'2012-04-01 20:02:40','2012-04-01 20:02:40'),(272,26,66,24,NULL,'skip','2012-04-01 20:02:42','2012-04-01 20:02:42'),(273,26,34,24,58,NULL,'2012-04-01 20:02:47','2012-04-01 20:02:47'),(274,26,35,24,NULL,'26.09.2008','2012-04-01 20:02:56','2012-04-01 20:02:56'),(275,26,36,24,NULL,'skip','2012-04-01 20:03:01','2012-04-01 20:03:01'),(276,26,30,24,43,NULL,'2012-04-01 20:03:10','2012-04-01 20:03:10'),(277,26,55,24,114,NULL,'2012-04-01 20:03:13','2012-04-01 20:03:13'),(278,26,58,24,NULL,'14','2012-04-01 20:03:38','2012-04-01 20:03:38'),(279,26,31,24,118,NULL,'2012-04-01 20:03:41','2012-04-01 20:03:41'),(280,26,24,24,23,NULL,'2012-04-01 20:04:46','2012-04-01 20:04:46'),(281,26,28,24,104,NULL,'2012-04-01 20:05:26','2012-04-01 20:05:26'),(282,26,28,24,106,NULL,'2012-04-01 20:05:26','2012-04-01 20:05:26'),(283,26,2,24,NULL,'skip','2012-04-01 20:05:28','2012-04-01 20:05:28'),(284,26,7,24,NULL,'skip','2012-04-01 20:05:32','2012-04-01 20:05:32'),(285,26,14,24,76,'no','2012-04-01 20:05:34','2012-04-01 20:05:34'),(286,26,8,24,67,'yes','2012-04-01 20:05:37','2012-04-01 20:05:37'),(287,26,9,24,NULL,'потеря памяти','2012-04-01 20:05:49','2012-04-01 20:05:49'),(288,26,10,24,69,'yes','2012-04-01 20:05:51','2012-04-01 20:05:51'),(289,26,11,24,NULL,'skip','2012-04-01 20:05:56','2012-04-01 20:05:56'),(290,26,12,24,72,'no','2012-04-01 20:05:58','2012-04-01 20:05:58'),(291,26,15,24,NULL,'skip','2012-04-01 20:06:01','2012-04-01 20:06:01'),(292,26,16,24,120,NULL,'2012-04-01 20:06:19','2012-04-01 20:06:19'),(293,26,19,24,22,NULL,'2012-04-01 20:06:27','2012-04-01 20:06:27'),(294,28,24,24,24,NULL,'2012-04-01 20:12:22','2012-04-01 20:14:25'),(295,28,25,24,NULL,'skip','2012-04-01 20:12:24','2012-04-01 20:14:25'),(296,28,26,24,NULL,'skip','2012-04-01 20:12:26','2012-04-01 20:14:25'),(297,28,66,24,NULL,'skip','2012-04-01 20:12:28','2012-04-01 20:14:25'),(298,28,34,24,58,NULL,'2012-04-01 20:12:32','2012-04-01 20:14:25'),(299,28,35,24,NULL,'20.08.2000','2012-04-01 20:12:41','2012-04-01 20:14:25'),(300,28,36,24,NULL,'skip','2012-04-01 20:12:43','2012-04-01 20:14:25'),(301,28,30,24,43,NULL,'2012-04-01 20:12:51','2012-04-01 20:14:25'),(302,28,55,24,114,NULL,'2012-04-01 20:12:54','2012-04-01 20:14:25'),(303,28,58,24,NULL,'15','2012-04-01 20:13:17','2012-04-01 20:14:25'),(304,28,31,24,118,NULL,'2012-04-01 20:13:20','2012-04-01 20:14:25'),(305,29,24,24,23,NULL,'2012-04-01 20:20:35','2012-04-01 20:20:35'),(306,29,25,24,NULL,'skip','2012-04-01 20:20:38','2012-04-01 20:20:38'),(307,29,26,24,32,NULL,'2012-04-01 20:20:41','2012-04-01 20:20:41'),(308,29,27,24,37,NULL,'2012-04-01 20:20:44','2012-04-01 20:20:44'),(309,29,66,24,NULL,'карие','2012-04-01 20:20:50','2012-04-01 20:20:50'),(310,29,34,24,57,NULL,'2012-04-01 20:20:55','2012-04-01 20:20:55'),(311,29,35,24,NULL,'01.01.2000','2012-04-01 20:21:14','2012-04-01 20:21:14'),(312,29,36,24,NULL,'skip','2012-04-01 20:21:21','2012-04-01 20:21:21'),(313,29,30,24,43,NULL,'2012-04-01 20:21:27','2012-04-01 20:21:27'),(314,29,55,24,114,NULL,'2012-04-01 20:21:33','2012-04-01 20:21:33'),(315,29,58,24,NULL,'16','2012-04-01 20:21:48','2012-04-01 20:21:48'),(316,29,31,24,118,NULL,'2012-04-01 20:21:50','2012-04-01 20:21:50'),(317,30,24,24,24,NULL,'2012-04-01 20:23:41','2012-04-01 20:23:41'),(318,30,25,24,29,NULL,'2012-04-01 20:23:44','2012-04-01 20:23:44'),(319,30,26,24,32,NULL,'2012-04-01 20:23:54','2012-04-01 20:23:54'),(320,30,27,24,35,NULL,'2012-04-01 20:23:57','2012-04-01 20:23:57'),(321,30,66,24,NULL,'skip','2012-04-01 20:23:58','2012-04-01 20:23:58'),(322,30,34,24,58,NULL,'2012-04-01 20:24:08','2012-04-01 20:24:08'),(323,30,35,24,NULL,'16.02.2012','2012-04-01 20:24:29','2012-04-01 20:24:29'),(324,30,36,24,NULL,'skip','2012-04-01 20:24:33','2012-04-01 20:24:33'),(325,30,30,24,43,NULL,'2012-04-01 20:24:36','2012-04-01 20:24:36'),(326,30,55,24,115,NULL,'2012-04-01 20:24:41','2012-04-01 20:24:41'),(327,30,62,24,NULL,'17','2012-04-01 20:25:00','2012-04-01 20:25:00'),(328,30,31,24,118,NULL,'2012-04-01 20:25:05','2012-04-01 20:25:05'),(329,31,24,24,NULL,'skip','2012-04-01 20:26:16','2012-04-01 20:26:16'),(330,31,25,24,29,NULL,'2012-04-01 20:26:24','2012-04-01 20:26:24'),(331,31,26,24,32,NULL,'2012-04-01 20:26:28','2012-04-01 20:26:28'),(332,31,27,24,37,NULL,'2012-04-01 20:26:30','2012-04-01 20:26:30'),(333,31,66,24,NULL,'skip','2012-04-01 20:26:32','2012-04-01 20:26:32'),(334,31,34,24,57,NULL,'2012-04-01 20:26:36','2012-04-01 20:26:36'),(335,31,35,24,NULL,'15.12.2011','2012-04-01 20:26:45','2012-04-01 20:26:45'),(336,31,36,24,NULL,'skip','2012-04-01 20:26:47','2012-04-01 20:26:47'),(337,31,30,24,43,NULL,'2012-04-01 20:26:53','2012-04-01 20:26:53'),(338,31,55,24,114,NULL,'2012-04-01 20:26:56','2012-04-01 20:26:56'),(339,31,58,24,NULL,'18','2012-04-01 20:28:00','2012-04-01 20:28:00'),(340,31,31,24,118,NULL,'2012-04-01 20:28:03','2012-04-01 20:28:03'),(341,32,24,24,24,NULL,'2012-04-01 20:30:14','2012-04-01 20:30:14'),(342,32,25,24,29,NULL,'2012-04-01 20:30:19','2012-04-01 20:30:19'),(343,32,26,24,31,NULL,'2012-04-01 20:30:22','2012-04-01 20:30:22'),(344,32,27,24,37,NULL,'2012-04-01 20:30:24','2012-04-01 20:30:24'),(345,32,66,24,NULL,'карие','2012-04-01 20:30:29','2012-04-01 20:30:29'),(346,32,34,24,58,NULL,'2012-04-01 20:30:32','2012-04-01 20:30:32'),(347,32,35,24,NULL,'08.11.2010','2012-04-01 20:30:51','2012-04-01 20:30:51'),(348,32,36,24,NULL,'skip','2012-04-01 20:30:53','2012-04-01 20:30:53'),(349,32,30,24,43,NULL,'2012-04-01 20:30:57','2012-04-01 20:30:57'),(350,32,55,24,NULL,'из автомобиля','2012-04-01 20:31:15','2012-04-01 20:31:15'),(351,32,57,24,NULL,'19','2012-04-01 20:31:29','2012-04-01 20:31:29'),(352,32,31,24,118,NULL,'2012-04-01 20:31:41','2012-04-01 20:31:41'),(353,33,24,24,NULL,'skip','2012-04-01 20:32:55','2012-04-01 20:32:55'),(354,33,25,24,NULL,'skip','2012-04-01 20:32:56','2012-04-01 20:32:56'),(355,33,26,24,NULL,'skip','2012-04-01 20:32:58','2012-04-01 20:32:58'),(356,33,66,24,NULL,'skip','2012-04-01 20:33:00','2012-04-01 20:33:00'),(357,33,34,24,60,NULL,'2012-04-01 20:33:04','2012-04-01 20:33:04'),(358,33,35,24,NULL,'06.02.2006','2012-04-01 20:33:15','2012-04-01 20:33:15'),(359,33,36,24,NULL,'skip','2012-04-01 20:33:17','2012-04-01 20:33:17'),(360,33,30,24,43,NULL,'2012-04-01 20:33:20','2012-04-01 20:33:20'),(361,33,55,24,114,NULL,'2012-04-01 20:33:24','2012-04-01 20:33:24'),(362,33,58,24,NULL,'20','2012-04-01 20:33:38','2012-04-01 20:33:38'),(363,33,31,24,118,NULL,'2012-04-01 20:33:43','2012-04-01 20:33:43'),(364,34,24,24,24,NULL,'2012-04-01 20:34:44','2012-04-01 20:34:44'),(365,34,25,24,29,NULL,'2012-04-01 20:34:47','2012-04-01 20:34:47'),(366,34,26,24,32,NULL,'2012-04-01 20:34:51','2012-04-01 20:34:51'),(367,34,27,24,37,NULL,'2012-04-01 20:34:56','2012-04-01 20:34:56'),(368,34,66,24,NULL,'серые','2012-04-01 20:35:04','2012-04-01 20:35:04'),(369,34,34,24,58,NULL,'2012-04-01 20:35:07','2012-04-01 20:35:07'),(370,34,35,24,NULL,'31.01.2012','2012-04-01 20:35:16','2012-04-01 20:35:16'),(371,34,36,24,NULL,'спортивные штаны синего цвета, шапка вязанная темно-серая','2012-04-01 20:35:43','2012-04-01 20:35:43'),(372,34,30,24,43,NULL,'2012-04-01 20:35:47','2012-04-01 20:35:47'),(373,34,55,24,114,NULL,'2012-04-01 20:35:51','2012-04-01 20:35:51'),(374,34,58,24,NULL,'21','2012-04-01 20:36:14','2012-04-01 20:36:14'),(375,34,31,24,118,NULL,'2012-04-01 20:36:19','2012-04-01 20:36:19'),(376,18,24,21,24,NULL,'2012-04-02 11:33:44','2012-04-02 11:33:44'),(377,35,24,24,NULL,'skip','2012-04-02 19:08:55','2012-04-02 19:08:55'),(378,35,25,24,NULL,'skip','2012-04-02 19:08:58','2012-04-02 19:08:58'),(379,35,26,24,32,NULL,'2012-04-02 19:09:03','2012-04-02 19:09:03'),(380,35,27,24,37,NULL,'2012-04-02 19:09:07','2012-04-02 19:09:07'),(381,35,66,24,NULL,'skip','2012-04-02 19:09:09','2012-04-02 19:09:09'),(382,35,34,24,58,NULL,'2012-04-02 19:09:13','2012-04-02 19:09:13'),(383,35,35,24,NULL,'01.01.2005','2012-04-02 19:10:37','2012-04-02 19:10:37'),(384,35,36,24,NULL,'skip','2012-04-02 19:10:40','2012-04-02 19:10:40'),(385,35,30,24,43,NULL,'2012-04-02 19:10:58','2012-04-02 19:10:58'),(386,35,55,24,114,NULL,'2012-04-02 19:11:02','2012-04-02 19:11:02'),(387,35,58,24,NULL,'22','2012-04-02 19:11:27','2012-04-02 19:11:27'),(388,35,31,24,118,NULL,'2012-04-02 19:11:30','2012-04-02 19:11:30'),(389,36,24,24,23,NULL,'2012-04-02 19:13:49','2012-04-02 19:13:49'),(390,36,25,24,29,NULL,'2012-04-02 19:14:06','2012-04-02 19:14:06'),(391,36,26,24,32,NULL,'2012-04-02 19:14:13','2012-04-02 19:14:13'),(392,36,27,24,34,NULL,'2012-04-02 19:14:42','2012-04-02 19:14:42'),(393,36,66,24,NULL,'skip','2012-04-02 19:14:46','2012-04-02 19:14:46'),(394,36,34,24,58,NULL,'2012-04-02 19:14:53','2012-04-02 19:14:53'),(395,36,35,24,NULL,'16.08.2011','2012-04-02 19:15:01','2012-04-02 19:15:01'),(396,36,36,24,NULL,'skip','2012-04-02 19:15:06','2012-04-02 19:15:06'),(397,36,30,24,43,NULL,'2012-04-02 19:15:23','2012-04-02 19:15:23'),(398,36,55,24,114,NULL,'2012-04-02 19:15:31','2012-04-02 19:15:31'),(399,36,58,24,NULL,'23','2012-04-02 19:16:01','2012-04-02 19:16:01'),(400,36,31,24,118,NULL,'2012-04-02 19:16:18','2012-04-02 19:16:18'),(401,36,28,24,106,NULL,'2012-04-02 19:16:46','2012-04-02 19:16:46'),(402,36,2,24,NULL,'skip','2012-04-02 19:17:05','2012-04-02 19:17:05'),(403,36,7,24,119,NULL,'2012-04-02 19:17:10','2012-04-02 19:17:10'),(404,36,14,24,76,'no','2012-04-02 19:17:49','2012-04-02 19:17:49'),(405,36,8,24,68,'no','2012-04-02 19:17:51','2012-04-02 19:17:51'),(406,36,10,24,70,'no','2012-04-02 19:17:54','2012-04-02 19:17:54'),(407,36,12,24,72,'no','2012-04-02 19:17:56','2012-04-02 19:17:56'),(408,36,15,24,NULL,'skip','2012-04-02 19:18:34','2012-04-02 19:18:34'),(409,36,16,24,120,NULL,'2012-04-02 19:18:45','2012-04-02 19:18:45'),(410,36,19,24,22,NULL,'2012-04-02 19:20:22','2012-04-02 19:20:22'),(411,37,24,24,25,NULL,'2012-04-02 19:24:10','2012-04-02 19:24:10'),(412,37,25,24,27,NULL,'2012-04-02 19:24:13','2012-04-02 19:24:13'),(413,37,26,24,32,NULL,'2012-04-02 19:24:16','2012-04-02 19:24:16'),(414,37,27,24,37,NULL,'2012-04-02 19:24:18','2012-04-02 19:24:18'),(415,37,66,24,NULL,'skip','2012-04-02 19:24:22','2012-04-02 19:24:22'),(416,37,34,24,58,NULL,'2012-04-02 19:24:26','2012-04-02 19:24:26'),(417,37,35,24,NULL,'01.12.2004','2012-04-02 19:24:48','2012-04-02 19:24:48'),(418,37,36,24,NULL,'skip','2012-04-02 19:24:53','2012-04-02 19:24:53'),(419,37,30,24,43,NULL,'2012-04-02 19:24:58','2012-04-02 19:24:58'),(420,37,55,24,114,NULL,'2012-04-02 19:25:04','2012-04-02 19:25:04'),(421,37,58,24,NULL,'skip','2012-04-02 19:25:10','2012-04-02 19:25:10'),(422,37,31,24,118,NULL,'2012-04-02 19:25:14','2012-04-02 19:25:14'),(423,38,24,24,NULL,'skip','2012-04-02 19:26:57','2012-04-02 19:26:57'),(424,38,25,24,29,NULL,'2012-04-02 19:27:06','2012-04-02 19:27:06'),(425,38,26,24,31,NULL,'2012-04-02 19:27:08','2012-04-02 19:27:08'),(426,38,27,24,37,NULL,'2012-04-02 19:27:11','2012-04-02 19:27:11'),(427,38,66,24,NULL,'skip','2012-04-02 19:27:19','2012-04-02 19:27:19'),(428,38,34,24,58,NULL,'2012-04-02 19:27:25','2012-04-02 19:27:25'),(429,38,35,24,NULL,'01.01.1999','2012-04-02 19:27:56','2012-04-02 19:27:56'),(430,38,36,24,NULL,'skip','2012-04-02 19:27:59','2012-04-02 19:27:59'),(431,38,30,24,43,NULL,'2012-04-02 19:28:03','2012-04-02 19:28:03'),(432,38,55,24,114,NULL,'2012-04-02 19:28:07','2012-04-02 19:28:07'),(433,38,58,24,NULL,'24','2012-04-02 19:28:26','2012-04-02 19:28:26'),(434,38,31,24,118,NULL,'2012-04-02 19:28:29','2012-04-02 19:28:29'),(435,39,24,24,24,NULL,'2012-04-02 19:31:08','2012-04-02 19:31:08'),(436,39,25,24,27,NULL,'2012-04-02 19:31:11','2012-04-02 19:31:11'),(437,39,26,24,32,NULL,'2012-04-02 19:31:14','2012-04-02 19:31:14'),(438,39,27,24,37,NULL,'2012-04-02 19:31:15','2012-04-02 19:31:15'),(439,39,66,24,NULL,'skip','2012-04-02 19:31:17','2012-04-02 19:31:17'),(440,39,34,24,58,NULL,'2012-04-02 19:31:29','2012-04-02 19:31:29'),(441,39,35,24,NULL,'27.01.2012','2012-04-02 19:31:55','2012-04-02 19:31:55'),(442,39,36,24,NULL,'серая куртка-веровка,   черная вязанная шапочка, берцы,','2012-04-02 19:34:26','2012-04-02 19:34:26'),(443,39,30,24,43,NULL,'2012-04-02 19:34:29','2012-04-02 19:34:29'),(444,39,55,24,114,NULL,'2012-04-02 19:34:33','2012-04-02 19:34:33'),(445,39,58,24,NULL,'25','2012-04-02 19:35:09','2012-04-02 19:35:09'),(446,39,31,24,118,NULL,'2012-04-02 19:35:18','2012-04-02 19:35:18'),(447,40,24,24,NULL,'skip','2012-04-02 19:40:17','2012-04-02 19:40:17'),(448,40,25,24,NULL,'skip','2012-04-02 19:40:19','2012-04-02 19:40:19'),(449,40,26,24,NULL,'skip','2012-04-02 19:40:21','2012-04-02 19:40:21'),(450,40,66,24,NULL,'skip','2012-04-02 19:40:23','2012-04-02 19:40:23'),(451,40,34,24,59,NULL,'2012-04-02 19:40:32','2012-04-02 19:40:32'),(452,40,35,24,NULL,'13.01.2003','2012-04-02 19:40:45','2012-04-02 19:40:45'),(453,40,36,24,NULL,'skip','2012-04-02 19:40:48','2012-04-02 19:40:48'),(454,40,30,24,43,NULL,'2012-04-02 19:40:55','2012-04-02 19:40:55'),(455,40,55,24,115,NULL,'2012-04-02 19:41:04','2012-04-02 19:41:04'),(456,40,62,24,NULL,'26','2012-04-02 19:41:23','2012-04-02 19:41:23'),(457,40,31,24,NULL,'к брату','2012-04-02 19:41:51','2012-04-02 19:41:51'),(458,41,24,24,24,NULL,'2012-04-02 19:46:38','2012-04-02 19:46:38'),(459,41,25,24,29,NULL,'2012-04-02 19:46:40','2012-04-02 19:46:40'),(460,41,26,24,31,NULL,'2012-04-02 19:46:54','2012-04-02 19:46:54'),(461,41,27,24,37,NULL,'2012-04-02 19:46:56','2012-04-02 19:46:56'),(462,41,66,24,NULL,'skip','2012-04-02 19:47:00','2012-04-02 19:47:00'),(463,41,34,24,58,NULL,'2012-04-02 19:47:04','2012-04-02 19:47:04'),(464,41,35,24,NULL,'17.01.1991','2012-04-02 19:47:14','2012-04-02 19:47:14'),(465,41,36,24,NULL,'skip','2012-04-02 19:47:17','2012-04-02 19:47:17'),(466,41,30,24,43,NULL,'2012-04-02 19:47:20','2012-04-02 19:47:20'),(467,41,55,24,114,NULL,'2012-04-02 19:47:24','2012-04-02 19:47:24'),(468,41,58,24,NULL,'27','2012-04-02 19:47:37','2012-04-02 19:47:37'),(469,41,31,24,44,NULL,'2012-04-02 19:47:41','2012-04-02 19:47:41'),(470,41,46,24,NULL,'skip','2012-04-02 19:47:43','2012-04-02 19:47:43'),(471,42,24,24,23,NULL,'2012-04-02 19:51:23','2012-04-02 19:51:23'),(472,42,25,24,27,NULL,'2012-04-02 19:51:30','2012-04-02 19:51:30'),(473,42,26,24,30,NULL,'2012-04-02 19:51:35','2012-04-02 19:51:35'),(474,42,27,24,36,NULL,'2012-04-02 19:52:16','2012-04-02 19:52:16'),(475,42,66,24,NULL,'карие','2012-04-02 19:52:58','2012-04-02 19:52:58'),(476,42,34,24,60,NULL,'2012-04-02 19:53:09','2012-04-02 19:53:09'),(477,42,35,24,NULL,'28.12.2011','2012-04-02 19:53:25','2012-04-02 19:53:25'),(478,42,36,24,NULL,'спортивный черный костюм, черный пуховик, фиалетовые красовки','2012-04-02 19:54:18','2012-04-02 19:54:18'),(479,42,30,24,43,NULL,'2012-04-02 19:54:23','2012-04-02 19:54:23'),(480,42,55,24,114,NULL,'2012-04-02 19:54:25','2012-04-02 19:54:25'),(481,42,58,24,NULL,'28','2012-04-02 19:54:48','2012-04-02 19:54:48'),(482,42,31,24,118,NULL,'2012-04-02 19:56:20','2012-04-02 19:56:20'),(483,43,24,26,25,NULL,'2012-04-03 08:06:21','2012-04-03 08:06:21'),(484,43,25,26,29,NULL,'2012-04-03 08:06:26','2012-04-03 08:06:26'),(485,43,26,26,32,NULL,'2012-04-03 08:06:33','2012-04-03 08:06:33'),(486,43,27,26,36,NULL,'2012-04-03 08:06:43','2012-04-03 08:06:43'),(487,43,66,26,NULL,'skip','2012-04-03 08:06:46','2012-04-03 08:06:46'),(488,43,34,26,58,NULL,'2012-04-03 08:06:52','2012-04-03 08:06:52'),(489,43,35,26,NULL,'06.12.2011','2012-04-03 08:07:39','2012-04-03 08:07:39'),(490,43,36,26,NULL,'skip','2012-04-03 08:17:38','2012-04-03 08:17:38'),(491,43,30,26,43,NULL,'2012-04-03 08:17:54','2012-04-03 08:17:54'),(492,43,55,26,NULL,'skip','2012-04-03 08:17:57','2012-04-03 08:17:57'),(493,43,57,26,NULL,'29','2012-04-03 08:18:21','2012-04-03 08:18:21'),(494,43,31,26,NULL,'skip','2012-04-03 08:19:24','2012-04-03 08:19:24');
/*!40000 ALTER TABLE `histories` ENABLE KEYS */;
UNLOCK TABLES;

--
-- Table structure for table `impressions`
--

DROP TABLE IF EXISTS `impressions`;
SET @saved_cs_client     = @@character_set_client;
SET character_set_client = utf8;
CREATE TABLE `impressions` (
  `id` int(11) NOT NULL auto_increment,
  `impressionable_type` varchar(255) default NULL,
  `impressionable_id` int(11) default NULL,
  `user_id` int(11) default NULL,
  `controller_name` varchar(255) default NULL,
  `action_name` varchar(255) default NULL,
  `view_name` varchar(255) default NULL,
  `request_hash` varchar(255) default NULL,
  `session_hash` varchar(255) default NULL,
  `ip_address` varchar(255) default NULL,
  `message` varchar(255) default NULL,
  `referrer` varchar(255) default NULL,
  `created_at` datetime default NULL,
  `updated_at` datetime default NULL,
  PRIMARY KEY  (`id`),
  KEY `controlleraction_ip_index` (`controller_name`,`action_name`,`ip_address`),
  KEY `controlleraction_request_index` (`controller_name`,`action_name`,`request_hash`),
  KEY `controlleraction_session_index` (`controller_name`,`action_name`,`session_hash`),
  KEY `poly_ip_index` (`impressionable_type`,`impressionable_id`,`ip_address`),
  KEY `poly_request_index` (`impressionable_type`,`impressionable_id`,`request_hash`),
  KEY `poly_session_index` (`impressionable_type`,`impressionable_id`,`session_hash`),
  KEY `index_impressions_on_user_id` (`user_id`)
) ENGINE=InnoDB AUTO_INCREMENT=176 DEFAULT CHARSET=utf8;
SET character_set_client = @saved_cs_client;

--
-- Dumping data for table `impressions`
--

LOCK TABLES `impressions` WRITE;
/*!40000 ALTER TABLE `impressions` DISABLE KEYS */;
INSERT INTO `impressions` VALUES (1,'Missing',1,1,'missings','show',NULL,'d700b510c75f5dd8ebc43923cfda5430430d99a85f813ec030c3eb44a0ffe91d','d4e06a8b78c1ecfd96897505ea81424a','91.197.11.250',NULL,'http://a.naidutebya.ru/add_missing/?','2012-03-23 07:00:20','2012-03-23 07:00:20'),(2,'Missing',1,1,'missings','show',NULL,'18f9e074073c3182f3bd6ea22d86fe8fa2fafb61d210162035d5c853e18286c5','d4e06a8b78c1ecfd96897505ea81424a','91.197.11.250',NULL,'http://a.naidutebya.ru/','2012-03-23 07:00:43','2012-03-23 07:00:43'),(3,'Missing',1,1,'missings','show',NULL,'df49606e35531ea0bcf8ad9fcfbda841370e01a8f8764f204ec59e5d8f018873','d4e06a8b78c1ecfd96897505ea81424a','91.197.11.250',NULL,'http://a.naidutebya.ru/missings/1-vaninov-robert/','2012-03-23 07:02:20','2012-03-23 07:02:20'),(4,'Missing',1,1,'missings','show',NULL,'66e2d95d0d7762a8957d62860b907d73d3f5209bdf9b3100b137722035bdc93e','d4e06a8b78c1ecfd96897505ea81424a','91.197.11.250',NULL,'http://a.naidutebya.ru/add_missing','2012-03-23 07:21:35','2012-03-23 07:21:35'),(5,'Missing',1,1,'missings','show',NULL,'00fbc70377e492a759dac30855cd225c11a8167108cf73c95070e76f2cacd864','d4e06a8b78c1ecfd96897505ea81424a','91.197.11.250',NULL,'http://a.naidutebya.ru/add_missing','2012-03-23 07:21:40','2012-03-23 07:21:40'),(6,'Missing',3,2,'missings','show',NULL,'1bcdc7fbfb0688095169146e1e7b375bef9e38a350a24e195ee4d853a149ac52','604c2d33162f45dc7552962819f557e6','95.108.174.66',NULL,'http://a.naidutebya.ru/add_missing/?','2012-03-23 08:57:19','2012-03-23 08:57:19'),(7,'Missing',3,2,'missings','show',NULL,'5db1597eebce243e64eb99a91c8daa49493b0c177ad0b74a72233337c48cb0a3','604c2d33162f45dc7552962819f557e6','95.108.174.66',NULL,'http://a.naidutebya.ru/add_missing/?','2012-03-23 09:06:30','2012-03-23 09:06:30'),(8,'Missing',3,2,'missings','show',NULL,'47cc08291cebb5f944eafef40f97244e15d5df6b7a24c294a454cbc32e27e1f0','604c2d33162f45dc7552962819f557e6','95.108.174.66',NULL,'http://a.naidutebya.ru/add_missing/?','2012-03-23 09:06:34','2012-03-23 09:06:34'),(9,'Missing',3,2,'missings','show',NULL,'3d495c6ca3d8ae24f3a0bd4477b81030f313481783d5177b236700b8b1c9ea5f','604c2d33162f45dc7552962819f557e6','95.108.174.66',NULL,'http://a.naidutebya.ru/add_missing/?','2012-03-23 09:10:29','2012-03-23 09:10:29'),(10,'Missing',3,2,'missings','show',NULL,'5f36be94190a5e90dc79eafeb7157bb9116300f6f1d04bdd38f0da3b6c97eca6','604c2d33162f45dc7552962819f557e6','95.108.174.66',NULL,'http://a.naidutebya.ru/add_missing/?','2012-03-23 09:18:24','2012-03-23 09:18:24'),(11,'Missing',3,2,'missings','show',NULL,'1a13022c31aaefdf70f4a51ef5b1f2fdb1bfd3a4f50e7ecc63575857db6b243c','604c2d33162f45dc7552962819f557e6','95.108.174.66',NULL,'http://a.naidutebya.ru/','2012-03-23 09:21:43','2012-03-23 09:21:43'),(12,'Missing',3,2,'missings','show',NULL,'f96d35e88e2322815133e143cc0909c1c91cf1ae788a1affedc1206ba0ad3755','604c2d33162f45dc7552962819f557e6','95.108.174.66',NULL,'http://a.naidutebya.ru/missings/','2012-03-23 09:41:59','2012-03-23 09:41:59'),(13,'Missing',3,2,'missings','show',NULL,'433067b6618b96ec491a6ad5fac4861dcf5b21ec2325e31e25d768827c8a8c2f','604c2d33162f45dc7552962819f557e6','95.108.174.66',NULL,'http://a.naidutebya.ru/missings/','2012-03-23 09:43:12','2012-03-23 09:43:12'),(14,'Missing',3,2,'missings','show',NULL,'784fbd3bdd6188d379277faf97dc9ce3bc847296d13d255afc1f07c62701b0ac','604c2d33162f45dc7552962819f557e6','95.108.174.66',NULL,'http://a.naidutebya.ru/missings/','2012-03-23 09:47:15','2012-03-23 09:47:15'),(15,'Missing',4,3,'missings','show',NULL,'75141cb662e4b3437aad1055a072f6ed080b8090c3e81431f78596f5bc0b3bd7','2ec24c3e8cfc1740fd11b215466da486','95.108.174.66',NULL,'http://a.naidutebya.ru/add_missing','2012-03-23 10:46:19','2012-03-23 10:46:19'),(16,'Missing',3,NULL,'missings','show',NULL,'7ec4a496809410a9eaa7a4f31e46a27d3e23b5313f1949340e2ccd27f2b26a20',NULL,'85.26.155.125',NULL,NULL,'2012-03-23 11:15:29','2012-03-23 11:15:29'),(17,'Missing',3,NULL,'missings','show',NULL,'22844351ae5da735a723f63cfd79ea5257ac21dbd24e818e2336dfd4bf5a3e36','3b32d13398bc9e996cd3146c50bcae49','94.79.44.57',NULL,'http://a.naidutebya.ru/','2012-03-24 18:40:46','2012-03-24 18:40:46'),(18,'Missing',4,NULL,'missings','show',NULL,'8af3dc08d1049a7e6f9031f984a2f7de8ae0e37df03c62b930e0629e3ad8f048','3b32d13398bc9e996cd3146c50bcae49','94.79.44.57',NULL,'http://a.naidutebya.ru/missings?utf8=%E2%9C%93&search%5Bkeywords%5D=','2012-03-24 18:42:27','2012-03-24 18:42:27'),(19,'Missing',4,NULL,'missings','show',NULL,'017fe64b959caae27b6331fdd9f4c61cdd5a73ee624d19d297613cec3a406ade','dfd9bb843e16256fa0e6e3d0e37a5866','91.197.11.250',NULL,'http://a.naidutebya.ru/','2012-03-25 16:26:24','2012-03-25 16:26:24'),(20,'Missing',4,NULL,'missings','show',NULL,'1dc9307f892999b6113d138ca65cf9a4a30b8c3e7d8250e1e648aee81e618a0c','dfd9bb843e16256fa0e6e3d0e37a5866','91.197.11.250',NULL,'http://a.naidutebya.ru/','2012-03-25 16:26:54','2012-03-25 16:26:54'),(21,'Missing',6,7,'missings','show',NULL,'c01807260ab3f6780d3e3e6de02ce9690d2b7850e1f2eefda3892b1b64dc83a8','e4d42b2716198686fd5bde05c1f8c5af','91.197.11.250',NULL,'http://a.naidutebya.ru/add_missing/?','2012-03-25 16:33:56','2012-03-25 16:33:56'),(22,'Missing',6,7,'missings','show',NULL,'147e499305fa59c8c3de0fcb136c003ff43e5265e49799f436817d16cfc9f31c','e4d42b2716198686fd5bde05c1f8c5af','91.197.11.250',NULL,'http://a.naidutebya.ru/add_missing/?','2012-03-25 16:35:09','2012-03-25 16:35:09'),(23,'Missing',6,7,'missings','show',NULL,'d60cd8f14bd5164f12a8aa931ce61f46db9cd797688b06e5aecb7416f5cc76ef','e4d42b2716198686fd5bde05c1f8c5af','91.197.11.250',NULL,'http://a.naidutebya.ru/add_missing/?','2012-03-25 16:36:13','2012-03-25 16:36:13'),(24,'Missing',6,7,'missings','show',NULL,'a6343402a5e4009450c85f13ebb0e1ebc174bfa3e2575bdb82b65834e54af09a','e4d42b2716198686fd5bde05c1f8c5af','91.197.11.250',NULL,'http://a.naidutebya.ru/missings','2012-03-25 16:36:46','2012-03-25 16:36:46'),(25,'Missing',7,7,'missings','show',NULL,'9faa80c40b68b934f05dbd098b62df99342461ac7f9136e9d57e90119177d2cc','e4d42b2716198686fd5bde05c1f8c5af','91.197.11.250',NULL,'http://a.naidutebya.ru/add_missing','2012-03-25 16:41:25','2012-03-25 16:41:25'),(26,'Missing',8,7,'missings','show',NULL,'50cab8c66abf9b4d7de21252f6d393620b50f9888a2e369ba198680cdbd1313c','e4d42b2716198686fd5bde05c1f8c5af','91.197.11.250',NULL,'http://a.naidutebya.ru/add_missing','2012-03-25 16:51:25','2012-03-25 16:51:25'),(27,'Missing',9,8,'missings','show',NULL,'44fd69322b1ef635582233f9fb57c50bab6e19d1e206c65960111158817a445b','6edcd9e8740786da589b0560df2b681f','91.197.11.250',NULL,'http://a.naidutebya.ru/add_missing/?','2012-03-25 17:07:06','2012-03-25 17:07:06'),(28,'Missing',4,8,'missings','show',NULL,'d607e4d31c49fa41129b7658dd55236fa8a60cc9e9ec1eaa868625b07213b176','6edcd9e8740786da589b0560df2b681f','91.197.11.250',NULL,'http://a.naidutebya.ru/missings','2012-03-25 17:11:19','2012-03-25 17:11:19'),(29,'Missing',9,8,'missings','show',NULL,'f24136e34eb19e0bc57e8ae75f1abed0f7c6a873499de3482911624dc210f24f','6edcd9e8740786da589b0560df2b681f','91.197.11.250',NULL,'http://a.naidutebya.ru/missings/4-feklistova-anastasiya-aleksandrovna//','2012-03-25 17:12:09','2012-03-25 17:12:09'),(30,'Missing',10,8,'missings','show',NULL,'1899a01c8ac3638d3cdda1be12f8ba75623a4a912746e9f6944eb55ad6bef2d8','6edcd9e8740786da589b0560df2b681f','91.197.11.250',NULL,'http://a.naidutebya.ru/','2012-03-25 17:25:48','2012-03-25 17:25:48'),(31,'Missing',9,8,'missings','show',NULL,'e8b7ef4c5e8363ac303be975e18a1d67400b386921eaf1643041807c28b71085','6edcd9e8740786da589b0560df2b681f','91.197.11.250',NULL,'http://a.naidutebya.ru/','2012-03-25 17:26:15','2012-03-25 17:26:15'),(32,'Missing',9,8,'missings','show',NULL,'b2840c60b202ebe2a873b4ecc32e29d901f1b2744fb1ffae2823b37f39eb249a','6edcd9e8740786da589b0560df2b681f','91.197.11.250',NULL,'http://a.naidutebya.ru/','2012-03-25 17:26:19','2012-03-25 17:26:19'),(33,'Missing',9,8,'missings','show',NULL,'0da5f0cb2cc08d7dcf34b224306b62ac8bb726ec381205c7f1ebd1e930a15010','6edcd9e8740786da589b0560df2b681f','91.197.11.250',NULL,'http://a.naidutebya.ru/','2012-03-25 17:27:02','2012-03-25 17:27:02'),(34,'Missing',9,8,'missings','show',NULL,'f2f5ee2408c27bb8f859382fc3af9313909af9bc9da8e73d37ccee5dd778d17c','6edcd9e8740786da589b0560df2b681f','91.197.11.250',NULL,'http://a.naidutebya.ru/','2012-03-25 17:27:14','2012-03-25 17:27:14'),(35,'Missing',9,8,'missings','show',NULL,'70b6e7b463d46398b5d42d5c35502f1045a4d9567e9a5aab58821cddbfe0301c','6edcd9e8740786da589b0560df2b681f','91.197.11.250',NULL,'http://a.naidutebya.ru/','2012-03-25 17:28:19','2012-03-25 17:28:19'),(36,'Missing',9,8,'missings','show',NULL,'6b39099098a2ae571ae8e21f15e96ed95cda2581626f988764e28613ca19481b','6edcd9e8740786da589b0560df2b681f','91.197.11.250',NULL,'http://a.naidutebya.ru/','2012-03-25 17:30:51','2012-03-25 17:30:51'),(37,'Missing',6,8,'missings','show',NULL,'88f70af6a99e43b5877fb5e41b1d6721d022ab1c88d5eb1d7ae7b149aba91064','6edcd9e8740786da589b0560df2b681f','91.197.11.250',NULL,'http://a.naidutebya.ru/','2012-03-25 17:31:00','2012-03-25 17:31:00'),(38,'Missing',10,8,'missings','show',NULL,'2f83503606dcb207a4203b71316028aa22466a479983472ae3efde76da04a2dd','6edcd9e8740786da589b0560df2b681f','91.197.11.250',NULL,'http://a.naidutebya.ru/add_missing','2012-03-25 17:37:53','2012-03-25 17:37:53'),(39,'Missing',10,8,'missings','show',NULL,'b68b87ee882732d8225a602b9a4597fb772a92da2215abfa4ec909c2e894ec44','6edcd9e8740786da589b0560df2b681f','91.197.11.250',NULL,'http://a.naidutebya.ru/add_missing','2012-03-25 17:39:26','2012-03-25 17:39:26'),(40,'Missing',10,8,'missings','show',NULL,'47546181f2cdb3d2b1e3850dce5ccf1aa3b0429a98daf4fe8282bc9f68718a3a','6edcd9e8740786da589b0560df2b681f','91.197.11.250',NULL,'http://a.naidutebya.ru/add_missing','2012-03-25 17:40:09','2012-03-25 17:40:09'),(41,'Missing',7,NULL,'missings','show',NULL,'93cba4e561ba568d4e8620f958704bd6443b3152812b9261d3a9117f46727085','a0a8719aa3d1c8e3f61459d395e64cbb','91.197.11.250',NULL,'http://dev.naidutebya.ru/','2012-03-25 17:50:34','2012-03-25 17:50:34'),(42,'Missing',7,NULL,'missings','show',NULL,'fc5170b9d16f6a8335b9e6dd491eb3111fe73f2b14dda5951d31d103d4c161af','a0a8719aa3d1c8e3f61459d395e64cbb','91.197.11.250',NULL,'http://dev.naidutebya.ru/','2012-03-25 17:50:53','2012-03-25 17:50:53'),(43,'Missing',10,NULL,'missings','show',NULL,'7b9ceb93dfb079d9eb10cd08e9745c27dec5d637ca46f8628f154f9a066ccf38','0eb49d65822095b93d2a3af22b796802','91.197.11.250',NULL,NULL,'2012-03-25 17:57:57','2012-03-25 17:57:57'),(44,'Missing',10,NULL,'missings','show',NULL,'0a7f6c0ba9b484b21bce0a6de68fb90e44acc03a2f78750caf21f12e3bb731e7','0eb49d65822095b93d2a3af22b796802','91.197.11.250',NULL,NULL,'2012-03-25 17:59:55','2012-03-25 17:59:55'),(45,'Missing',10,NULL,'missings','show',NULL,'2a6716d21f07a547776021b190387289d4d9949cd248f61085b3da26060bd6db','0eb49d65822095b93d2a3af22b796802','91.197.11.250',NULL,NULL,'2012-03-26 05:31:59','2012-03-26 05:31:59'),(46,'Missing',10,NULL,'missings','show',NULL,'9a30e92f4047af3080479fd2181cdbfb17773df3f074948738b2fe12ae935e95','0eb49d65822095b93d2a3af22b796802','91.197.11.250',NULL,NULL,'2012-03-26 05:32:27','2012-03-26 05:32:27'),(47,'Missing',10,NULL,'missings','show',NULL,'1e4d043211444b6d3db1bcc876e24867c144fe56ec0a86619594117ceb44bd18','0eb49d65822095b93d2a3af22b796802','91.197.11.250',NULL,NULL,'2012-03-26 05:32:34','2012-03-26 05:32:34'),(48,'Missing',10,NULL,'missings','show',NULL,'0596c1d2c015f9cabb82247566641cab3255f79f8b3bc060695faef6e5a1e9c4','0eb49d65822095b93d2a3af22b796802','91.197.11.250',NULL,NULL,'2012-03-26 05:32:44','2012-03-26 05:32:44'),(49,'Missing',10,NULL,'missings','show',NULL,'56f71b0e5925dc37dd52accfacba4c15762296a56d8088f257c16b035e1e4616','0eb49d65822095b93d2a3af22b796802','91.197.11.250',NULL,NULL,'2012-03-26 05:32:46','2012-03-26 05:32:46'),(50,'Missing',10,NULL,'missings','show',NULL,'3bc33f552f4bd6e85cacbb9dff2a3572d1943d9848f3e99a4284276677fc3995','0eb49d65822095b93d2a3af22b796802','91.197.11.250',NULL,NULL,'2012-03-26 05:33:02','2012-03-26 05:33:02'),(51,'Missing',10,NULL,'missings','show',NULL,'c80a90f655495e3238c88b4da49902f784116d419cf61876918de1eb015d3816','0eb49d65822095b93d2a3af22b796802','91.197.11.250',NULL,NULL,'2012-03-26 05:33:06','2012-03-26 05:33:06'),(52,'Missing',10,NULL,'missings','show',NULL,'b088c2db5c379a4b4afdcc612d6b85e58cc6dacb6b2a009f4dfc869c8f247dce','0eb49d65822095b93d2a3af22b796802','91.197.11.250',NULL,NULL,'2012-03-26 05:33:22','2012-03-26 05:33:22'),(53,'Missing',10,NULL,'missings','show',NULL,'e2ee0844ef5968828e7a00b8d419484d6a9f416bfa17059059f9a936a6975403','0eb49d65822095b93d2a3af22b796802','91.197.11.250',NULL,NULL,'2012-03-26 05:33:59','2012-03-26 05:33:59'),(54,'Missing',10,NULL,'missings','show',NULL,'daee0ab44ab4d8a17a93fd41ead07e1a776d4a3279cf4d9783adcfb5a07dabd7','0eb49d65822095b93d2a3af22b796802','91.197.11.250',NULL,NULL,'2012-03-26 05:34:06','2012-03-26 05:34:06'),(55,'Missing',10,NULL,'missings','show',NULL,'78d460417f2b98015a1356f310b7aada673af8a4de3630c7ef245252a8559f9b','0eb49d65822095b93d2a3af22b796802','91.197.11.250',NULL,NULL,'2012-03-26 05:34:10','2012-03-26 05:34:10'),(56,'Missing',10,NULL,'missings','show',NULL,'672f3b271df5afb1d0f06d400e1308ea0f4ff95827d9f40f41d8912f850842a6','0eb49d65822095b93d2a3af22b796802','91.197.11.250',NULL,NULL,'2012-03-26 05:34:30','2012-03-26 05:34:30'),(57,'Missing',10,NULL,'missings','show',NULL,'5bc7f7c7c32eebf1f8a03a368cc0e2a270b2ce50692fbca6b478aefafe0586b7','0eb49d65822095b93d2a3af22b796802','91.197.11.250',NULL,NULL,'2012-03-26 05:34:49','2012-03-26 05:34:49'),(58,'Missing',10,NULL,'missings','show',NULL,'bf7bb9dc4a40a86f25544fce3ce6e6d4c6a7a6a5264fb62b4eb77bcb666ebdf4','0eb49d65822095b93d2a3af22b796802','91.197.11.250',NULL,NULL,'2012-03-26 05:34:57','2012-03-26 05:34:57'),(59,'Missing',10,NULL,'missings','show',NULL,'a7e818a2c2299f04a741c53f913a97be2b4f1e679e8a3fb5efac304478687780','0eb49d65822095b93d2a3af22b796802','91.197.11.250',NULL,NULL,'2012-03-26 05:35:35','2012-03-26 05:35:35'),(60,'Missing',10,NULL,'missings','show',NULL,'3b3ea3b28ed457afbb25759bd013591c9a6957fa9a8c27084cf445a4282195c4','0eb49d65822095b93d2a3af22b796802','91.197.11.250',NULL,NULL,'2012-03-26 05:35:44','2012-03-26 05:35:44'),(61,'Missing',10,NULL,'missings','show',NULL,'6aa26e6f7792e75f0e2c2a95ee57f67d3d2fbb34ab80db2ea97fd8c7596db484','0eb49d65822095b93d2a3af22b796802','91.197.11.250',NULL,NULL,'2012-03-26 05:37:14','2012-03-26 05:37:14'),(62,'Missing',10,NULL,'missings','show',NULL,'96c73de042016bf2404d22e9cf944657c299cba044bb12086aa9b438b552189a','0eb49d65822095b93d2a3af22b796802','91.197.11.250',NULL,NULL,'2012-03-26 05:37:28','2012-03-26 05:37:28'),(63,'Missing',10,NULL,'missings','show',NULL,'0e6cbd2daa84861abb4539222686c16b58b3b12f4aec8a4a7914ceeb37c39248','0eb49d65822095b93d2a3af22b796802','91.197.11.250',NULL,NULL,'2012-03-26 05:39:03','2012-03-26 05:39:03'),(64,'Missing',10,NULL,'missings','show',NULL,'25ada3656aa0198e220a733bdf65ef6a62b4d12ab9b92da70580919e7e1adb7c','0eb49d65822095b93d2a3af22b796802','91.197.11.250',NULL,NULL,'2012-03-26 05:40:06','2012-03-26 05:40:06'),(65,'Missing',10,NULL,'missings','show',NULL,'5f2ec39616a640092dc8a8c634d8ef810aaad9afdc81f67f4f26a5028351442e','0eb49d65822095b93d2a3af22b796802','91.197.11.250',NULL,NULL,'2012-03-26 05:40:54','2012-03-26 05:40:54'),(66,'Missing',10,NULL,'missings','show',NULL,'0a63fcc96a229c69ca9022558bbca1f3cae1aba094ad660225c1b1f3ac003100','0eb49d65822095b93d2a3af22b796802','91.197.11.250',NULL,NULL,'2012-03-26 05:41:07','2012-03-26 05:41:07'),(67,'Missing',10,NULL,'missings','show',NULL,'44b1e25d3ee6a5087cdfd10506b00e04bacd179a7673e2e44c94c2d59e271fc7','0eb49d65822095b93d2a3af22b796802','91.197.11.250',NULL,NULL,'2012-03-26 05:41:27','2012-03-26 05:41:27'),(68,'Missing',10,NULL,'missings','show',NULL,'4bb1ebd67e023f498439f0533aa118899a7cb3f9ac0b2c6554cf6d80d75257cf','0eb49d65822095b93d2a3af22b796802','91.197.11.250',NULL,NULL,'2012-03-26 05:41:29','2012-03-26 05:41:29'),(69,'Missing',10,NULL,'missings','show',NULL,'7fafc4e0364fba75c8779f90a62ee02f10c513650ba4fdff87666dc946f7fcdc','0eb49d65822095b93d2a3af22b796802','91.197.11.250',NULL,NULL,'2012-03-26 05:41:42','2012-03-26 05:41:42'),(70,'Missing',10,NULL,'missings','show',NULL,'7c9e1e38ab96fe919539e779ce692a889b66234e402fde5b3706454a708e2a49','0eb49d65822095b93d2a3af22b796802','91.197.11.250',NULL,NULL,'2012-03-26 05:41:54','2012-03-26 05:41:54'),(71,'Missing',10,NULL,'missings','show',NULL,'3a9db4efaadf34be64291e9299c5abdb9c499da0189be276826219c7e412685e','0eb49d65822095b93d2a3af22b796802','91.197.11.250',NULL,NULL,'2012-03-26 05:43:15','2012-03-26 05:43:15'),(72,'Missing',10,NULL,'missings','show',NULL,'02e8c4ea637ad7f3b952e81d55c3649707493df9328c1df5132915c8b6606c49','0eb49d65822095b93d2a3af22b796802','91.197.11.250',NULL,NULL,'2012-03-26 05:44:42','2012-03-26 05:44:42'),(73,'Missing',10,NULL,'missings','show',NULL,'e0c7c111560d9a180e271541913738f058cfd2cc50bf567e9d85575486b2c7b6','0eb49d65822095b93d2a3af22b796802','91.197.11.250',NULL,NULL,'2012-03-26 05:47:31','2012-03-26 05:47:31'),(74,'Missing',10,NULL,'missings','show',NULL,'6dda88c8f60eed8b0536e94f33d59cfbf872c5c82099010df8b01bb39ffc1b7d','0eb49d65822095b93d2a3af22b796802','91.197.11.250',NULL,NULL,'2012-03-26 05:52:00','2012-03-26 05:52:00'),(75,'Missing',10,NULL,'missings','show',NULL,'c9027a77845cd846c95b27ed9c83bf4de83a8d1b91c64fe4e2b0bfc606b10e9e','0eb49d65822095b93d2a3af22b796802','91.197.11.250',NULL,NULL,'2012-03-26 05:55:29','2012-03-26 05:55:29'),(76,'Missing',10,NULL,'missings','show',NULL,'bed584c8223cd26312287544b4f83f9829d3fcdf6cd1f749c0a4a1fe337c3d32','0eb49d65822095b93d2a3af22b796802','91.197.11.250',NULL,NULL,'2012-03-26 05:55:40','2012-03-26 05:55:40'),(77,'Missing',10,NULL,'missings','show',NULL,'4c7f3449012adea8ece8418e7ffd3acdfd3892a2bb3ece82ad7893c78683ebcc','0eb49d65822095b93d2a3af22b796802','91.197.11.250',NULL,NULL,'2012-03-26 05:57:15','2012-03-26 05:57:15'),(78,'Missing',10,NULL,'missings','show',NULL,'e56eae930736881937f49d988edba55b735517ed914ff2c2251adbbe61159a80','0eb49d65822095b93d2a3af22b796802','91.197.11.250',NULL,NULL,'2012-03-26 05:57:59','2012-03-26 05:57:59'),(79,'Missing',3,NULL,'missings','show',NULL,'a199b1c978b73f23503dbcb0526b64f1726f96692f9866454eb401c114392c9c','0eb49d65822095b93d2a3af22b796802','91.197.11.250',NULL,'http://dev.naidutebya.ru/','2012-03-26 05:58:28','2012-03-26 05:58:28'),(80,'Missing',3,NULL,'missings','show',NULL,'a3dd361aa410df9b160782aed412228230b7d9553463ec877ea3aa5a75344260','0eb49d65822095b93d2a3af22b796802','91.197.11.250',NULL,'http://dev.naidutebya.ru/','2012-03-26 05:58:44','2012-03-26 05:58:44'),(81,'Missing',3,NULL,'missings','show',NULL,'f4ae6ca123c4cae5d54f906720d4c297caa920a8fd7b9ce4ed453a7a5a0128af','0eb49d65822095b93d2a3af22b796802','91.197.11.250',NULL,'http://dev.naidutebya.ru/','2012-03-26 05:58:46','2012-03-26 05:58:46'),(82,'Missing',3,NULL,'missings','show',NULL,'3843ec4e318d2ed05ac080bb2595b4b31d760a84e0606b715234531ed3b924d9','0eb49d65822095b93d2a3af22b796802','91.197.11.250',NULL,'http://dev.naidutebya.ru/','2012-03-26 05:59:07','2012-03-26 05:59:07'),(83,'Missing',3,NULL,'missings','show',NULL,'3e717eae594406ec67da3d454223b27627f5c86972682000f4f2f012dd1ceacf','0eb49d65822095b93d2a3af22b796802','91.197.11.250',NULL,'http://dev.naidutebya.ru/','2012-03-26 05:59:19','2012-03-26 05:59:19'),(84,'Missing',3,NULL,'missings','show',NULL,'dc1adf86eaadd2317b9c7850804f3f95f0ed8b0ee819be909fb619b2b28b572c','0eb49d65822095b93d2a3af22b796802','91.197.11.250',NULL,'http://dev.naidutebya.ru/','2012-03-26 05:59:27','2012-03-26 05:59:27'),(85,'Missing',3,NULL,'missings','show',NULL,'53740c287cfe07dc4682ea3867256b68e6d83283b492aec347992785eb8dd8c7','0eb49d65822095b93d2a3af22b796802','91.197.11.250',NULL,'http://dev.naidutebya.ru/','2012-03-26 05:59:42','2012-03-26 05:59:42'),(86,'Missing',3,NULL,'missings','show',NULL,'62fac3c617e47491d85cdc79e83b97d5ccbf1ceddd79804d050c3dac4594678b','0eb49d65822095b93d2a3af22b796802','91.197.11.250',NULL,'http://dev.naidutebya.ru/','2012-03-26 05:59:44','2012-03-26 05:59:44'),(87,'Missing',3,NULL,'missings','show',NULL,'4e295c3ebec064b7643d9db408071ab31be423038acb85f3a4a10202067587cb','0eb49d65822095b93d2a3af22b796802','91.197.11.250',NULL,'http://dev.naidutebya.ru/','2012-03-26 05:59:55','2012-03-26 05:59:55'),(88,'Missing',3,NULL,'missings','show',NULL,'4560206e646794ff9b3c4d3ca1820c79b7a5b32e3395b691eefa49a8ca6b890c','0eb49d65822095b93d2a3af22b796802','91.197.11.250',NULL,'http://dev.naidutebya.ru/','2012-03-26 06:00:15','2012-03-26 06:00:15'),(89,'Missing',3,NULL,'missings','show',NULL,'22be985cf9729722873b1093572e545cc07082d1b2bacf61948955b1c1037bc1','0eb49d65822095b93d2a3af22b796802','91.197.11.250',NULL,'http://dev.naidutebya.ru/','2012-03-26 06:01:06','2012-03-26 06:01:06'),(90,'Missing',3,NULL,'missings','show',NULL,'c4f1b32cfcd7986f7d7ccfd2a3f24762393401a7d5d2b36e3d8d76e1afad8ac6','0eb49d65822095b93d2a3af22b796802','91.197.11.250',NULL,'http://dev.naidutebya.ru/','2012-03-26 06:01:26','2012-03-26 06:01:26'),(91,'Missing',3,NULL,'missings','show',NULL,'4676e6633c5bb51b34f3935ca097fb3c9e2eef41caa1895b39ad331d035a7121','0eb49d65822095b93d2a3af22b796802','91.197.11.250',NULL,'http://dev.naidutebya.ru/','2012-03-26 06:02:18','2012-03-26 06:02:18'),(92,'Missing',3,NULL,'missings','show',NULL,'aa3e7ed23be5396c3b63d5cadd1a1aba7d93e880915f0835879dbe1f666d7741','0eb49d65822095b93d2a3af22b796802','91.197.11.250',NULL,'http://dev.naidutebya.ru/','2012-03-26 06:08:26','2012-03-26 06:08:26'),(93,'Missing',3,NULL,'missings','show',NULL,'5fa95eacc8dbe8376d298a49fee6ec6bc30834d9256a0125e57b8d04dc04eca3','0eb49d65822095b93d2a3af22b796802','91.197.11.250',NULL,'http://dev.naidutebya.ru/','2012-03-26 06:09:00','2012-03-26 06:09:00'),(94,'Missing',3,NULL,'missings','show',NULL,'3c7e518329ae8d99c52d45f2ba1dd14afbc91cab5ad54559862b36b5e4c48908','0eb49d65822095b93d2a3af22b796802','91.197.11.250',NULL,'http://dev.naidutebya.ru/','2012-03-26 06:18:37','2012-03-26 06:18:37'),(95,'Missing',3,NULL,'missings','show',NULL,'88e6137d184d2520b5d5044fee541cf528ce89f571e71bdd1e0f8503950f3ea3','0eb49d65822095b93d2a3af22b796802','91.197.11.250',NULL,'http://dev.naidutebya.ru/','2012-03-26 06:18:50','2012-03-26 06:18:50'),(96,'Missing',3,NULL,'missings','show',NULL,'57b29390cf4ff3ca27c548a241dd017262b2a080ef16fd33647271fd1f3e0875','0eb49d65822095b93d2a3af22b796802','91.197.11.250',NULL,'http://dev.naidutebya.ru/','2012-03-26 06:19:10','2012-03-26 06:19:10'),(97,'Missing',3,NULL,'missings','show',NULL,'7a661c78018dc6b23a031e0b851d177f6bafa5610207aba7f85d6fbd1f548fc9','0eb49d65822095b93d2a3af22b796802','91.197.11.250',NULL,'http://dev.naidutebya.ru/','2012-03-26 06:19:37','2012-03-26 06:19:37'),(98,'Missing',3,NULL,'missings','show',NULL,'6fecba3edec8a0b455a19d548ec9ec534aa6df8de71c97a0374fda0484953830','0eb49d65822095b93d2a3af22b796802','91.197.11.250',NULL,'http://dev.naidutebya.ru/','2012-03-26 06:20:15','2012-03-26 06:20:15'),(99,'Missing',6,NULL,'missings','show',NULL,'2ac86d9fc8c3576e22cf9425db77cb2a073c9a9ec00e32e9f41e1e35c4303eaa','0eb49d65822095b93d2a3af22b796802','91.197.11.250',NULL,'http://dev.naidutebya.ru/','2012-03-26 06:20:43','2012-03-26 06:20:43'),(100,'Missing',2,8,'missings','show',NULL,'95f75e4320c174a70ab8f61e3d0748264866f907e26ce5c0a0195f1b4e5813eb','6edcd9e8740786da589b0560df2b681f','91.197.11.250',NULL,'http://a.naidutebya.ru/missings?utf8=%E2%9C%93&search%5Bkeywords%5D=','2012-03-26 06:44:17','2012-03-26 06:44:17'),(101,'Missing',4,8,'missings','show',NULL,'3ea66583a94d6910de04405a7709703350751de5b75e6ffe035260595a716cfc','6edcd9e8740786da589b0560df2b681f','91.197.11.250',NULL,'http://a.naidutebya.ru/missings?utf8=%E2%9C%93&search%5Bkeywords%5D=','2012-03-26 06:44:26','2012-03-26 06:44:26'),(102,'Missing',3,8,'missings','show',NULL,'ca56a156b5ed89d2352e27533c64d77dfe91a3acfc9fcfeabb8fc10e4729caf8','6edcd9e8740786da589b0560df2b681f','91.197.11.250',NULL,'http://a.naidutebya.ru/','2012-03-26 06:44:52','2012-03-26 06:44:52'),(103,'Missing',5,3,'missings','show',NULL,'69f54909e9497175af567157a25a0edd0ef0b70a814d5f21a5593f0e21cfee12','2ec24c3e8cfc1740fd11b215466da486','95.108.174.66',NULL,'http://a.naidutebya.ru/add_missing/?','2012-03-26 13:06:26','2012-03-26 13:06:26'),(104,'Missing',5,3,'missings','show',NULL,'9b09d7adaf77615869cb4e2aeed90dca9470f0dc6f596f13c66edc433948d181','2ec24c3e8cfc1740fd11b215466da486','95.108.174.66',NULL,'http://a.naidutebya.ru/add_missing/?','2012-03-26 13:10:49','2012-03-26 13:10:49'),(105,'Missing',5,3,'missings','show',NULL,'007666febba25f37e6db5f7c3c11e683628f34ea95e37914576ba294e4a0940b','2ec24c3e8cfc1740fd11b215466da486','95.108.174.66',NULL,'http://a.naidutebya.ru/add_missing/?','2012-03-26 13:10:54','2012-03-26 13:10:54'),(106,'Missing',5,3,'missings','show',NULL,'3325248d4588f0c68e358fcc29b0a112cd4755a70d7c256bc47d66c0c06a1ffb','2ec24c3e8cfc1740fd11b215466da486','95.108.174.66',NULL,'http://a.naidutebya.ru/add_missing/?','2012-03-26 13:11:45','2012-03-26 13:11:45'),(107,'Missing',12,3,'missings','show',NULL,'2a9aa9bd786d4c29ee67304fec764637b010d65c5f6c8148ee02289feefc084a','2ec24c3e8cfc1740fd11b215466da486','95.108.174.66',NULL,'http://a.naidutebya.ru/add_missing/?','2012-03-26 13:16:20','2012-03-26 13:16:20'),(108,'Missing',13,13,'missings','show',NULL,'6d60e3f28634ecdc34ac7ebb413daab927273325f8f4e6d4bf737b02e2128096','0a336d747345f14dd694d170e4732e96','213.180.216.228',NULL,'http://a.naidutebya.ru/add_missing/?','2012-03-26 15:38:52','2012-03-26 15:38:52'),(109,'Missing',3,13,'missings','show',NULL,'f9fa58ec7d6c8e717745f0385e2d4d010862732743a9fe150358f565e3e5fcec','0a336d747345f14dd694d170e4732e96','213.180.216.228',NULL,'http://a.naidutebya.ru/','2012-03-26 15:40:03','2012-03-26 15:40:03'),(110,'Missing',1,13,'missings','show',NULL,'0e387a9d8e25581c39490e085c90dce0ee03ad9c8b609489b25e125280fe0959','0a336d747345f14dd694d170e4732e96','213.180.216.228',NULL,'http://a.naidutebya.ru/missings','2012-03-26 15:47:36','2012-03-26 15:47:36'),(111,'Missing',4,13,'missings','show',NULL,'88529ff53025800cad244ee686ef4330d0aff9cedf1099cf69268091f9bd92ff','0a336d747345f14dd694d170e4732e96','213.180.216.228',NULL,'http://a.naidutebya.ru/missings','2012-03-26 15:48:33','2012-03-26 15:48:33'),(112,'Missing',3,13,'missings','show',NULL,'bac6372cfd0e8ab2205e1c77e2d58421fa60db756d4005e969bc18a8f09d6621','0a336d747345f14dd694d170e4732e96','213.180.216.228',NULL,'http://a.naidutebya.ru/missings','2012-03-26 15:49:15','2012-03-26 15:49:15'),(113,'Missing',7,13,'missings','show',NULL,'d8f07dfe0be05afbf2c044ed93669a1aa43e5870ddae2137ade80752362cee75','0a336d747345f14dd694d170e4732e96','213.180.216.228',NULL,'http://a.naidutebya.ru/','2012-03-26 15:53:52','2012-03-26 15:53:52'),(114,'Missing',12,3,'missings','show',NULL,'2dd7fe92fca83bef6f7d032bac9e75b60283dbc0ad3d74697028402ba2bb0ce0','586770d8c43e143079c840a10108caaa','213.180.216.228',NULL,'http://a.naidutebya.ru/','2012-03-26 15:54:42','2012-03-26 15:54:42'),(115,'Missing',2,3,'missings','show',NULL,'a9bf199f9f356c6fc4fa12cecddf5fd8057dec413560166e71ab98ef8bccc41b','586770d8c43e143079c840a10108caaa','213.180.216.228',NULL,'http://a.naidutebya.ru/missings','2012-03-26 15:55:06','2012-03-26 15:55:06'),(116,'Missing',12,3,'missings','show',NULL,'803634d1d807ecbabfddfb619df38484cb9d415c9bbee7fde21ddec950d1a4f4','586770d8c43e143079c840a10108caaa','213.180.216.228',NULL,'http://a.naidutebya.ru/','2012-03-26 15:56:13','2012-03-26 15:56:13'),(117,'Missing',12,NULL,'missings','show',NULL,'e753204c68e57a17ddec5b535caa73e16a90a900df8a6a4a9b88eeb07b2c095c','44976f754ec85c245998132186794202','213.180.216.228',NULL,NULL,'2012-03-26 15:56:14','2012-03-26 15:56:14'),(118,'Missing',13,8,'missings','show',NULL,'2a61fe98ce63873f1a5af87858a4a680c205a46b279a2924b209f275c73a2a67','6edcd9e8740786da589b0560df2b681f','91.197.11.250',NULL,'http://a.naidutebya.ru/','2012-03-26 18:41:14','2012-03-26 18:41:14'),(119,'Missing',3,NULL,'missings','show',NULL,'a9907cde57372f9601a6b573b738a0369e814a2205627d5b989512df75f21066','22513329e5a8ad0ba6e991b2a584f37d','93.80.189.244',NULL,'http://a.naidutebya.ru/missings?utf8=%E2%9C%93&search%5Bkeywords%5D=','2012-03-26 20:13:37','2012-03-26 20:13:37'),(120,'Missing',10,3,'missings','show',NULL,'d8f55a63cb0e1e99acd3328325336d75136c1d597552a384ff362831ecb4ac8c','586770d8c43e143079c840a10108caaa','95.108.174.66',NULL,'http://a.naidutebya.ru/','2012-03-27 12:57:17','2012-03-27 12:57:17'),(121,'Missing',4,NULL,'missings','show',NULL,'93f61ed2a839162571ebb0c5eac1a736c18d605d03945800c73174177b16ee25','5f156b6ac315e04d7a9e235bc3a6f98e','213.87.140.99',NULL,'http://a.naidutebya.ru/missings?utf8=%E2%9C%93&search%5Bkeywords%5D=','2012-03-27 14:26:47','2012-03-27 14:26:47'),(122,'Missing',4,NULL,'missings','show',NULL,'2c62ae92c52377a02e6ba7175bf0ca3a6fe05a3646429e91baf2421ac4e392ee',NULL,'213.87.135.186',NULL,NULL,'2012-03-28 11:52:02','2012-03-28 11:52:02'),(123,'Missing',5,NULL,'missings','show',NULL,'47134244895c77a5f42d07caa030cb805cc71050710e4f91709c18c8263dd0ab','8f6f219f3b04d616508f784fecfd07c1','213.180.216.101',NULL,'http://a.naidutebya.ru/','2012-03-28 12:50:51','2012-03-28 12:50:51'),(124,'Missing',5,NULL,'missings','show',NULL,'c78fbca2b35c3e87811d114da075771c3429d83a3b7a6e2fcbe4ae46d8fc9570','8f6f219f3b04d616508f784fecfd07c1','213.180.216.101',NULL,'http://a.naidutebya.ru/','2012-03-28 12:50:56','2012-03-28 12:50:56'),(125,'Missing',5,19,'missings','show',NULL,'1d69fe9666406f70483f997c9875b595e64123bd785a85b83bd76328ef0eabb0','a86f3ca71d7cc53cf824afab3dd3e1ba','213.180.216.101',NULL,'http://a.naidutebya.ru/missings/5-zabarin-vyacheslav/','2012-03-28 12:53:16','2012-03-28 12:53:16'),(126,'Missing',4,19,'missings','show',NULL,'0f3e7186fe4d435873aeaf8ed6cf144fe55e6869b7a9e1b2ff768dde3720d121','a86f3ca71d7cc53cf824afab3dd3e1ba','213.180.216.101',NULL,'http://a.naidutebya.ru/missings','2012-03-28 12:53:55','2012-03-28 12:53:55'),(127,'Missing',17,20,'missings','show',NULL,'ed0e0b17a3688be0ff61992abf8a1726b136d644d441e4180c2799b8192c3997','e62fe747c073cb8c78b91b6a2d234ce0','213.180.216.101',NULL,'http://a.naidutebya.ru/add_missing/?','2012-03-28 13:04:58','2012-03-28 13:04:58'),(128,'Missing',17,20,'missings','show',NULL,'6ddf91a65070a3aeb3bafbb1a19a641454f8f4606c97ca4f97ed45a5e1f68a78','e62fe747c073cb8c78b91b6a2d234ce0','213.180.216.101',NULL,'http://a.naidutebya.ru/report','2012-03-28 13:06:46','2012-03-28 13:06:46'),(129,'Missing',17,20,'missings','show',NULL,'8648150c3e937508ce662bc726fd10c92fb21b67c2fab1b7d6f340eeafc12195','e62fe747c073cb8c78b91b6a2d234ce0','213.180.216.101',NULL,'http://a.naidutebya.ru/','2012-03-28 13:14:56','2012-03-28 13:14:56'),(130,'Missing',4,1,'missings','show',NULL,'76a72c899cc7ae40a3cf7595d005e77364ef6d12a1828984c687dc29e0c09f75','fce6311ab61b2bd9020664854d3cae7e','91.197.11.250',NULL,'http://a.naidutebya.ru/missings','2012-03-29 19:39:00','2012-03-29 19:39:00'),(131,'Missing',1,1,'missings','show',NULL,'0129225bba322340463884d8ead44348e400830c2f039db48bb3fa38064016e1','fce6311ab61b2bd9020664854d3cae7e','91.197.11.250',NULL,'http://a.naidutebya.ru/report','2012-03-29 19:40:27','2012-03-29 19:40:27'),(132,'Missing',5,NULL,'missings','show',NULL,'6f415e9935917c3bea17b485e36278b0a26e0da62bfb70c3ac6861991266e390','22513329e5a8ad0ba6e991b2a584f37d','89.178.32.138',NULL,'http://a.naidutebya.ru/missings?utf8=%E2%9C%93&search%5Bkeywords%5D=','2012-03-29 20:27:47','2012-03-29 20:27:47'),(133,'Missing',15,NULL,'missings','show',NULL,'c5b4ed31435b2147134bd716d47f4b4fb542ac4cddfb71413860c0fb088294a8','22513329e5a8ad0ba6e991b2a584f37d','89.178.32.138',NULL,'http://a.naidutebya.ru/missings?utf8=%E2%9C%93&search%5Bkeywords%5D=','2012-03-29 20:28:32','2012-03-29 20:28:32'),(134,'Missing',5,NULL,'missings','show',NULL,'35eec54a9f5b8f48762f6e376564ff2252150fdde8006042182c583ea55de5ac','16f596eb9ea15d0a9c66625f5ca51b78','95.26.205.242',NULL,'http://a.naidutebya.ru/','2012-04-01 14:01:03','2012-04-01 14:01:03'),(135,'Missing',9,NULL,'missings','show',NULL,'aa2bde265ebe0bded9fb05d77f661de5a86aa0758b23e229d9a2c938fc4f3ebf','16f596eb9ea15d0a9c66625f5ca51b78','95.26.205.242',NULL,'http://a.naidutebya.ru/','2012-04-01 14:01:14','2012-04-01 14:01:14'),(136,'Missing',19,23,'missings','show',NULL,'a691a14924075cc6076210beee1967b49711cda4e921ff1faa82a2eb9a8230a6','fd757cdba66c66f8b6ff879fcb5b20c8','128.72.201.208',NULL,'http://a.naidutebya.ru/users/settings/','2012-04-01 19:26:02','2012-04-01 19:26:02'),(137,'Missing',21,23,'missings','show',NULL,'f6d2d482307cf83a727ef89135530c60a273292f34e92af1589195eabb89f1b0','fd757cdba66c66f8b6ff879fcb5b20c8','128.72.201.208',NULL,'http://a.naidutebya.ru/add_missing/','2012-04-01 19:32:00','2012-04-01 19:32:00'),(138,'Missing',22,24,'missings','show',NULL,'7f2db2762628ae0f51df92e323699f85d0d89e92d47f1af8c47b82098bfbfea3','605b2d8764a7a8dcf2e237e589a4f6ce','128.72.201.208',NULL,'http://a.naidutebya.ru/add_missing/','2012-04-01 19:39:56','2012-04-01 19:39:56'),(139,'Missing',23,24,'missings','show',NULL,'8a1fdd9b49a5f3ceeddfc50fb85a73a53a68dacdddf354e6c84835ce4182f247','605b2d8764a7a8dcf2e237e589a4f6ce','128.72.201.208',NULL,'http://a.naidutebya.ru/add_missing','2012-04-01 19:43:39','2012-04-01 19:43:39'),(140,'Missing',23,24,'missings','show',NULL,'79bd552bf21d9a88d89216046a6b8d69f839d8afe51b6a84ae51a91fa008016c','605b2d8764a7a8dcf2e237e589a4f6ce','128.72.201.208',NULL,'http://a.naidutebya.ru/report','2012-04-01 19:46:39','2012-04-01 19:46:39'),(141,'Missing',24,24,'missings','show',NULL,'829fe23466f29e8071e694be1fc93d6fae627e319e27fdf27c5e18bcddb0fd86','605b2d8764a7a8dcf2e237e589a4f6ce','128.72.201.208',NULL,'http://a.naidutebya.ru/add_missing','2012-04-01 19:51:44','2012-04-01 19:51:44'),(142,'Missing',25,24,'missings','show',NULL,'4cdd18bab61b79396a7e8e31ab75c6232ae99c38f4daf213b57ddfd12aa9d4a8','605b2d8764a7a8dcf2e237e589a4f6ce','128.72.201.208',NULL,'http://a.naidutebya.ru/add_missing','2012-04-01 19:55:05','2012-04-01 19:55:05'),(143,'Missing',26,24,'missings','show',NULL,'4226c7b3a2ca562d24138e93c2c817bf0118231b532887ba29eeee23b89f5205','605b2d8764a7a8dcf2e237e589a4f6ce','128.72.201.208',NULL,'http://a.naidutebya.ru/add_missing','2012-04-01 20:03:55','2012-04-01 20:03:55'),(144,'Missing',26,24,'missings','show',NULL,'b931df6c772b0bf2e03f9b6247d09fb9887c7751ebefaf580ee3638fdb17889d','605b2d8764a7a8dcf2e237e589a4f6ce','128.72.201.208',NULL,'http://a.naidutebya.ru/add_missing','2012-04-01 20:04:13','2012-04-01 20:04:13'),(145,'Missing',28,24,'missings','show',NULL,'ce8464c24f731e181ed08a292009b3f07e234a44db8d5905fbcc7212a5d41389','6f1bb74d1db6449fd502a1c41cf3f96c','128.72.201.208',NULL,'http://a.naidutebya.ru/add_missing/','2012-04-01 20:14:37','2012-04-01 20:14:37'),(146,'Missing',29,24,'missings','show',NULL,'32e91ebbc32696c6e771da410649b86859b26000509c287afa3219e26522aef6','6f1bb74d1db6449fd502a1c41cf3f96c','128.72.201.208',NULL,'http://a.naidutebya.ru/add_missing','2012-04-01 20:21:58','2012-04-01 20:21:58'),(147,'Missing',30,24,'missings','show',NULL,'7b61180078ba20fa78f3e7d97fac4e21120cec8834c5b77bf9a4a7c91d468a0e','6f1bb74d1db6449fd502a1c41cf3f96c','128.72.201.208',NULL,'http://a.naidutebya.ru/add_missing','2012-04-01 20:25:09','2012-04-01 20:25:09'),(148,'Missing',31,24,'missings','show',NULL,'e503fb038e564a271eb176b6ee7213127a8f8e38c467ec619522a7b347d33ebd','6f1bb74d1db6449fd502a1c41cf3f96c','128.72.201.208',NULL,'http://a.naidutebya.ru/add_missing','2012-04-01 20:28:10','2012-04-01 20:28:10'),(149,'Missing',32,24,'missings','show',NULL,'e4b85c557bfabedf4e9357c0afdc55d0403ab929920374942f70a9860ccd56dc','6f1bb74d1db6449fd502a1c41cf3f96c','128.72.201.208',NULL,'http://a.naidutebya.ru/add_missing','2012-04-01 20:31:49','2012-04-01 20:31:49'),(150,'Missing',33,24,'missings','show',NULL,'43894858323975eadd96cfa6e3dae91b53fea9668ea4883ec6b946c9d7349c8d','6f1bb74d1db6449fd502a1c41cf3f96c','128.72.201.208',NULL,'http://a.naidutebya.ru/add_missing','2012-04-01 20:33:48','2012-04-01 20:33:48'),(151,'Missing',34,24,'missings','show',NULL,'f9871d1ca912857d6fae8c6b2e12363083d6b222d94982c68f3552ca27458664','6f1bb74d1db6449fd502a1c41cf3f96c','128.72.201.208',NULL,'http://a.naidutebya.ru/add_missing','2012-04-01 20:36:25','2012-04-01 20:36:25'),(152,'Missing',34,24,'missings','show',NULL,'8aad58ee969bda47fbb04c7b12b0b6f2547b016faca1c7d99ed50f14004bc2d0','6f1bb74d1db6449fd502a1c41cf3f96c','128.72.201.208',NULL,'http://a.naidutebya.ru/report','2012-04-01 20:37:20','2012-04-01 20:37:20'),(153,'Missing',24,1,'missings','show',NULL,'ec5762df04112d0e64a236ecec90f6cf935d68dbc2687b53b2a5c8cb62a898e8','5a3fb43e39eb193a543e36a4de6a55f9','91.197.11.250',NULL,'http://a.naidutebya.ru/','2012-04-01 21:18:38','2012-04-01 21:18:38'),(154,'Missing',26,1,'missings','show',NULL,'9225d18947cf41a0544973af639726941ea8d2b9769cc2bdbfd764104801df46','5a3fb43e39eb193a543e36a4de6a55f9','91.197.11.250',NULL,'http://a.naidutebya.ru/missings?utf8=%E2%9C%93&search%5Bkeywords%5D=','2012-04-01 21:19:38','2012-04-01 21:19:38'),(155,'Missing',25,1,'missings','show',NULL,'52cdd0b619a17ddb6cf57bdd67b22452664c1065edd05fcc4cea65305b360c7b','5a3fb43e39eb193a543e36a4de6a55f9','91.197.11.250',NULL,'http://a.naidutebya.ru/missings?utf8=%E2%9C%93&search%5Bkeywords%5D=','2012-04-01 21:19:42','2012-04-01 21:19:42'),(156,'Missing',23,1,'missings','show',NULL,'2849220f5e515d5f6ff2a05e88e57bb7d44fd10c3b59bfaa51ed6a0e3333f448','5a3fb43e39eb193a543e36a4de6a55f9','91.197.11.250',NULL,'http://a.naidutebya.ru/missings?utf8=%E2%9C%93&search%5Bkeywords%5D=','2012-04-01 21:20:03','2012-04-01 21:20:03'),(157,'Missing',29,1,'missings','show',NULL,'b21c2b2cf31b13eac9abdf678888a230f28d51e522a0558a574826ec0e2182d2','5a3fb43e39eb193a543e36a4de6a55f9','91.197.11.250',NULL,'http://a.naidutebya.ru/missings?utf8=%E2%9C%93&search%5Bkeywords%5D=','2012-04-01 21:22:34','2012-04-01 21:22:34'),(158,'Missing',29,1,'missings','show',NULL,'cd98334009589114789dda89fc6dbb722a7455368447af86a7d0fbb3a41ffe9c','5a3fb43e39eb193a543e36a4de6a55f9','91.197.11.250',NULL,'http://a.naidutebya.ru/','2012-04-01 21:23:10','2012-04-01 21:23:10'),(159,'Missing',19,NULL,'missings','show',NULL,'064a5898a00bc062e17821fae8fc1d25fe716613b923e5df74a9dbe67db7fdae','ef8567cd48b39b7beb6a7321bdb93332','213.180.216.228',NULL,'http://a.naidutebya.ru/','2012-04-02 11:33:51','2012-04-02 11:33:51'),(160,'Missing',34,24,'missings','show',NULL,'1e8addece2f09bf117c48bf301c20bc9914ddad9cdc6ff5509d736db237e0f15','6f1bb74d1db6449fd502a1c41cf3f96c','37.144.168.114',NULL,'http://a.naidutebya.ru/report','2012-04-02 18:12:10','2012-04-02 18:12:10'),(161,'Missing',35,24,'missings','show',NULL,'1d59985363fb3a15c88a8b2b3f4d30b87fa71b6d546b422be7df78d207b656e2','6f1bb74d1db6449fd502a1c41cf3f96c','37.144.168.114',NULL,'http://a.naidutebya.ru/add_missing/','2012-04-02 19:11:39','2012-04-02 19:11:39'),(162,'Missing',36,24,'missings','show',NULL,'6c47754cdd2af4e31ef0613408fd79029931dbd0e0efa0e8ed9690d802b516a6','6f1bb74d1db6449fd502a1c41cf3f96c','37.144.168.114',NULL,'http://a.naidutebya.ru/add_missing','2012-04-02 19:16:26','2012-04-02 19:16:26'),(163,'Missing',37,24,'missings','show',NULL,'60c8e745d394bb5735a4a9b080c4389fab6ed5043d773d009f6edbdaca896c98','6f1bb74d1db6449fd502a1c41cf3f96c','37.144.168.114',NULL,'http://a.naidutebya.ru/add_missing','2012-04-02 19:25:25','2012-04-02 19:25:25'),(164,'Missing',38,24,'missings','show',NULL,'c8951d755e8846022e8dff9ac0b5435408989e4115e341df8027b04bc90844b6','6f1bb74d1db6449fd502a1c41cf3f96c','37.144.168.114',NULL,'http://a.naidutebya.ru/add_missing','2012-04-02 19:28:38','2012-04-02 19:28:38'),(165,'Missing',39,24,'missings','show',NULL,'b74a432851387d75082d54f781d3791bbfdddce420a2b8c60fa5e66386329ffc','6f1bb74d1db6449fd502a1c41cf3f96c','37.144.168.114',NULL,'http://a.naidutebya.ru/add_missing','2012-04-02 19:35:25','2012-04-02 19:35:25'),(166,'Missing',40,24,'missings','show',NULL,'45dbc34523e0ef55cd75a93572437b0c2ae215af38ef927681b89d7dc35d7a1f','6f1bb74d1db6449fd502a1c41cf3f96c','37.144.168.114',NULL,'http://a.naidutebya.ru/add_missing','2012-04-02 19:42:15','2012-04-02 19:42:15'),(167,'Missing',41,24,'missings','show',NULL,'880dd67fbd8205d0a9112f6237f91f0f1c28e61672b4bcc7bf206e6e2adff297','6f1bb74d1db6449fd502a1c41cf3f96c','37.144.168.114',NULL,'http://a.naidutebya.ru/add_missing','2012-04-02 19:47:51','2012-04-02 19:47:51'),(168,'Missing',42,24,'missings','show',NULL,'a6726c649d953cbe783fd3479bdd55c90f327675dd1105b7c3ecdc19f864cb73','6f1bb74d1db6449fd502a1c41cf3f96c','37.144.168.114',NULL,'http://a.naidutebya.ru/add_missing','2012-04-02 19:56:24','2012-04-02 19:56:24'),(169,'Missing',42,24,'missings','show',NULL,'254afe790dc4a00f6f41c145032807f41d9c6a4c00d80f132531269fa93de4b1','6f1bb74d1db6449fd502a1c41cf3f96c','37.144.168.114',NULL,'http://a.naidutebya.ru/missings','2012-04-02 19:56:34','2012-04-02 19:56:34'),(170,'Missing',18,24,'missings','show',NULL,'1c802a75b175479905c943b26a0a7afa99fdaa5ad15e1500405d5e87b882a765','6f1bb74d1db6449fd502a1c41cf3f96c','37.144.168.114',NULL,'http://a.naidutebya.ru/missings?utf8=%E2%9C%93&search%5Bkeywords%5D=','2012-04-02 19:57:09','2012-04-02 19:57:09'),(171,'Missing',13,1,'missings','show',NULL,'e78529249847d54c310a53fda25ef3b9bc856580bae2180ef8edbbc156ff8f1a','5a3fb43e39eb193a543e36a4de6a55f9','91.197.11.250',NULL,'http://a.naidutebya.ru/','2012-04-02 21:51:22','2012-04-02 21:51:22'),(172,'Missing',43,26,'missings','show',NULL,'76ee4cc194be8a41af7c9a5755a0231b7aabbc60f0aabd25885275facb68ea6b','cebaec8ff4d39941b18453050dcd0eaa','212.233.117.6',NULL,'http://a.naidutebya.ru/add_missing/?','2012-04-03 08:26:33','2012-04-03 08:26:33'),(173,'Missing',29,NULL,'missings','show',NULL,'70b899b42dd4f9792abda37ada948567e3bd7a45aa461b1a57ff9f8b7d019cef','ef8567cd48b39b7beb6a7321bdb93332','95.108.174.66',NULL,'http://a.naidutebya.ru/','2012-04-03 15:11:53','2012-04-03 15:11:53'),(174,'Missing',8,NULL,'missings','show',NULL,'63e15a0f770e6b5efae7b63f4a2f3e68f60dbdd2b492d3b1b8c1ffcdc99bf3f6','6f1bb74d1db6449fd502a1c41cf3f96c','95.24.93.69',NULL,'http://a.naidutebya.ru/missings?utf8=%E2%9C%93&search%5Bkeywords%5D=','2012-04-03 19:44:06','2012-04-03 19:44:06'),(175,'Missing',2,NULL,'missings','show',NULL,'2163b16ca9ef6dc8c087217dbc9fb1153b48ade9bec4bff76a1cbcc30b30afbd','6f1bb74d1db6449fd502a1c41cf3f96c','95.24.93.69',NULL,'http://a.naidutebya.ru/missings?utf8=%E2%9C%93&search%5Bkeywords%5D=','2012-04-03 19:44:16','2012-04-03 19:44:16');
/*!40000 ALTER TABLE `impressions` ENABLE KEYS */;
UNLOCK TABLES;

--
-- Table structure for table `messages`
--

DROP TABLE IF EXISTS `messages`;
SET @saved_cs_client     = @@character_set_client;
SET character_set_client = utf8;
CREATE TABLE `messages` (
  `id` int(11) NOT NULL auto_increment,
  `sender_id` int(11) default NULL,
  `recipient_id` int(11) default NULL,
  `sender_deleted` tinyint(1) default '0',
  `recipient_deleted` tinyint(1) default '0',
  `subject` varchar(255) default NULL,
  `body` text,
  `read_at` datetime default NULL,
  `created_at` datetime default NULL,
  `updated_at` datetime default NULL,
  `message_id` int(11) default NULL,
  `seen_the_missing_id` int(11) default NULL,
  PRIMARY KEY  (`id`)
) ENGINE=InnoDB AUTO_INCREMENT=3 DEFAULT CHARSET=utf8;
SET character_set_client = @saved_cs_client;

--
-- Dumping data for table `messages`
--

LOCK TABLES `messages` WRITE;
/*!40000 ALTER TABLE `messages` DISABLE KEYS */;
INSERT INTO `messages` VALUES (1,10,1,0,0,NULL,'Привет, я помогу!',NULL,'2012-03-25 17:50:22','2012-03-25 17:50:22',NULL,NULL),(2,1,10,0,0,NULL,'пыщ',NULL,'2012-03-29 19:39:54','2012-03-29 19:39:54',1,NULL);
/*!40000 ALTER TABLE `messages` ENABLE KEYS */;
UNLOCK TABLES;

--
-- Table structure for table `missings`
--

DROP TABLE IF EXISTS `missings`;
SET @saved_cs_client     = @@character_set_client;
SET character_set_client = utf8;
CREATE TABLE `missings` (
  `id` int(11) NOT NULL auto_increment,
  `name` varchar(255) default NULL,
  `gender` tinyint(1) default NULL,
  `birthday` date default NULL,
  `date` date default NULL,
  `published` tinyint(1) default NULL,
  `created_at` datetime default NULL,
  `updated_at` datetime default NULL,
  `user_id` int(11) default NULL,
  `age` int(11) default NULL,
  `last_seen` date default NULL,
  `latitude` float default NULL,
  `longitude` float default NULL,
  `city` varchar(255) default NULL,
  `history` text,
  `author_id` int(11) default NULL,
  PRIMARY KEY  (`id`)
) ENGINE=InnoDB AUTO_INCREMENT=44 DEFAULT CHARSET=utf8;
SET character_set_client = @saved_cs_client;

--
-- Dumping data for table `missings`
--

LOCK TABLES `missings` WRITE;
/*!40000 ALTER TABLE `missings` DISABLE KEYS */;
INSERT INTO `missings` VALUES (1,'Ванинов Роберт',1,'2007-01-01',NULL,1,'2012-03-23 06:50:25','2012-03-23 07:00:18',1,5,'2012-03-08',NULL,NULL,NULL,'',NULL),(2,'Рыженков Никита',1,'1997-01-01',NULL,0,'2012-03-23 07:16:01','2012-03-25 08:29:48',6,15,NULL,NULL,NULL,NULL,'',NULL),(3,'Шкапцова Аня',0,'2011-01-01',NULL,1,'2012-03-23 08:43:59','2012-03-23 08:57:19',2,1,'2012-03-11',0.929688,0.600533,'Брянск','',NULL),(4,'Феклистова Анастасия Александровна',0,'1979-01-01',NULL,1,'2012-03-23 10:21:35','2012-03-23 10:46:17',3,33,'2012-03-02',0.973084,0.656404,'Москва','',2),(5,'Забарин Вячеслав',1,'2002-01-01',NULL,1,'2012-03-23 10:54:41','2012-03-26 13:06:22',3,10,'2010-11-29',0.868891,2.25879,'Райчихинск','',3),(6,'Семенова Екатерина',0,'1995-01-01',NULL,1,'2012-03-25 16:27:28','2012-03-25 16:33:56',7,17,'2011-12-12',0.819694,0.558289,'Николаев','',NULL),(7,'Филюк Светлана ',0,'1993-01-01',NULL,1,'2012-03-25 16:36:59','2012-03-25 16:41:24',7,19,'2011-11-02',1.03199,0.661745,'Череповец','',4),(8,'Верега Владислав',1,'1998-01-01',NULL,1,'2012-03-25 16:42:10','2012-03-25 16:51:23',7,14,'2011-11-17',0.858922,0.496888,'Винница','',5),(9,'Иванов Николай',1,'1995-01-01',NULL,1,'2012-03-25 16:58:58','2012-03-25 17:07:04',8,17,'2011-09-03',NULL,NULL,NULL,'',NULL),(10,'Фёдорова Ольга',0,'1996-01-01',NULL,1,'2012-03-25 17:13:47','2012-03-25 17:37:51',8,16,'2011-05-21',1.04567,0.531769,'Санкт-Петербург','',6),(11,NULL,NULL,NULL,NULL,0,'2012-03-25 17:47:12','2012-03-25 17:47:12',8,NULL,NULL,NULL,NULL,NULL,'',7),(12,'Кузина Светлана',0,'1996-01-01',NULL,1,'2012-03-26 13:11:59','2012-03-26 13:16:18',3,16,'2011-10-30',0.903391,0.631575,'город Курск','',8),(13,'Бишекчи Снежанна',0,'1997-01-01',NULL,1,'2012-03-26 15:35:20','2012-03-26 15:38:52',13,15,'2011-11-22',0.801122,0.593749,'село Источное','',NULL),(14,NULL,NULL,NULL,NULL,0,'2012-03-26 15:50:00','2012-03-26 15:50:00',13,NULL,NULL,NULL,NULL,NULL,'',9),(15,'12312312',NULL,'1980-01-01',NULL,0,'2012-03-26 16:12:19','2012-03-26 16:12:26',3,32,NULL,NULL,NULL,NULL,'',10),(16,'Frt',NULL,'1941-01-01',NULL,0,'2012-03-27 14:20:32','2012-03-27 14:21:53',16,71,NULL,NULL,NULL,NULL,'',NULL),(17,'Канашин Евгений',1,'2000-01-01',NULL,1,'2012-03-28 12:55:11','2012-03-28 13:04:58',20,12,'2011-12-12',1.12703,0.695212,'Северодвинск','',NULL),(18,'Николай Поратокв',1,'1978-01-01',NULL,0,'2012-03-29 10:14:55','2012-04-02 11:33:41',21,34,NULL,NULL,NULL,NULL,'',NULL),(19,'Бутенко Александр Аркадьевич',1,'1968-03-21',NULL,1,'2012-04-01 19:04:26','2012-04-01 19:25:00',23,44,NULL,NULL,NULL,NULL,'',NULL),(20,'Тибоев Борис Русланович',1,'1985-08-09',NULL,1,'2012-04-01 19:19:36','2012-04-01 19:25:00',23,27,NULL,NULL,NULL,NULL,'',NULL),(21,'Макаров Алексей Александрович',1,'1979-12-12',NULL,1,'2012-04-01 19:25:00','2012-04-01 19:31:58',23,33,'2011-03-02',NULL,NULL,NULL,'',11),(22,'Порубов Дмитрий Леонидович',1,'1971-03-16',NULL,1,'2012-04-01 19:35:18','2012-04-01 19:39:55',24,41,'2012-03-23',NULL,NULL,NULL,'',NULL),(23,'Закатов Олег Сергеевич',1,'1980-05-13',NULL,1,'2012-04-01 19:40:14','2012-04-01 19:43:37',24,32,'2011-06-05',NULL,NULL,NULL,'',12),(24,'Орешкевич Юлия Андреевна',0,'1980-02-14',NULL,1,'2012-04-01 19:46:54','2012-04-01 19:51:43',24,32,'2011-12-30',1.00914,0.494501,NULL,'',13),(25,'Ивантей Александр Леонидович',1,'1974-01-01',NULL,1,'2012-04-01 19:52:06','2012-04-01 19:55:04',24,38,'2012-01-14',0.754787,2.3223,NULL,'',14),(26,'Касимов Александр Михайлович',1,'1961-11-23',NULL,1,'2012-04-01 20:00:59','2012-04-01 20:03:53',24,51,'2008-09-26',0.957502,0.926361,'Азнакаево','',15),(27,NULL,NULL,NULL,NULL,0,'2012-04-01 20:08:08','2012-04-01 20:08:08',25,NULL,NULL,NULL,NULL,NULL,'',NULL),(28,'Рохберг Александр Фроимович',1,'1954-04-23',NULL,1,'2012-04-01 20:08:31','2012-04-01 20:14:35',24,58,'2000-08-20',1.01099,1.04726,'Нижний Тагил','',NULL),(29,'Ажигулов Болат Утепбергенович',1,'1963-07-12',NULL,1,'2012-04-01 20:15:59','2012-04-01 20:21:56',24,49,'2000-01-01',0.847373,1.1677,NULL,'',16),(30,'Геращенкова Наталья Федоровна',0,'1967-03-19',NULL,1,'2012-04-01 20:22:46','2012-04-01 20:25:07',24,45,'2012-02-16',0.809697,0.730818,'село Новый Егорлык','',17),(31,'Пальцев Валерий Александрович',1,'1978-04-25',NULL,1,'2012-04-01 20:25:24','2012-04-01 20:28:08',24,34,'2011-12-15',0.754796,1.33926,NULL,'',18),(32,'Корабельникова Амалия Аркадьевна',0,'1989-05-12',NULL,1,'2012-04-01 20:29:03','2012-04-01 20:31:47',24,23,'2010-11-08',0.769681,0.682076,'Туапсе','',19),(33,'Жебречук Иван Иванович',NULL,'1989-01-07',NULL,1,'2012-04-01 20:32:09','2012-04-01 20:33:46',24,23,'2006-02-06',0.817872,0.519249,NULL,'',20),(34,'Куприн Виктор Николаевич',1,'1958-04-28',NULL,1,'2012-04-01 20:33:58','2012-04-01 20:36:23',24,54,'2012-01-31',0.831389,0.752905,'Котельниково','',21),(35,'Одношевин Игорь Николаевич',1,'1972-06-09',NULL,1,'2012-04-02 18:59:47','2012-04-02 19:11:35',24,40,'2005-01-01',0.99201,1.05762,'Екатеринбург','',22),(36,'Горбунов Николай Павлович',1,'1954-04-18',NULL,1,'2012-04-02 19:12:46','2012-04-02 19:16:23',24,58,'2011-08-16',0.912397,1.82012,'Иркутск','',23),(37,'Поликанин Евгений Викторович',1,'1984-01-14',NULL,1,'2012-04-02 19:23:02','2012-04-02 19:25:23',24,28,'2004-12-01',NULL,NULL,NULL,'',24),(38,'Валиева Валентина Васильевна',0,'1969-03-15',NULL,1,'2012-04-02 19:26:02','2012-04-02 19:28:35',24,43,'1999-01-01',0.928606,0.876002,'Самара','',25),(39,'Мягков Илья Константинович',1,'1988-06-18',NULL,1,'2012-04-02 19:30:03','2012-04-02 19:35:23',24,24,'2012-01-27',0.976585,0.664189,'Фрязино','',26),(40,'Гадаев Абдурашид Пулатович',1,'1964-12-10',NULL,1,'2012-04-02 19:39:05','2012-04-02 19:42:12',24,48,'2003-01-13',0.961802,0.638873,'Обнинск','',27),(41,'Астафьева Галина Павловна',0,'1946-06-17',NULL,1,'2012-04-02 19:43:44','2012-04-02 19:47:49',24,66,'1991-01-17',1.0057,0.696172,'Ярославль','',28),(42,'Бодопрост Ольга Николаевна',0,'1966-10-24',NULL,1,'2012-04-02 19:49:56','2012-04-02 19:56:22',24,46,'2011-12-28',0.817872,0.519249,NULL,'',29),(43,'Паша Костюнин',1,'2005-01-01',NULL,1,'2012-04-03 08:03:19','2012-04-03 08:26:33',26,7,'2011-12-06',1.04611,0.529072,'Санкт-Петербург','',NULL);
/*!40000 ALTER TABLE `missings` ENABLE KEYS */;
UNLOCK TABLES;

--
-- Table structure for table `photos`
--

DROP TABLE IF EXISTS `photos`;
SET @saved_cs_client     = @@character_set_client;
SET character_set_client = utf8;
CREATE TABLE `photos` (
  `id` int(11) NOT NULL auto_increment,
  `missing_id` int(11) default NULL,
  `created_at` datetime default NULL,
  `updated_at` datetime default NULL,
  `photo_file_name` varchar(255) default NULL,
  `photo_content_type` varchar(255) default NULL,
  `photo_file_size` int(11) default NULL,
  PRIMARY KEY  (`id`),
  KEY `index_photos_on_missing_id` (`missing_id`)
) ENGINE=InnoDB AUTO_INCREMENT=37 DEFAULT CHARSET=utf8;
SET character_set_client = @saved_cs_client;

--
-- Dumping data for table `photos`
--

LOCK TABLES `photos` WRITE;
/*!40000 ALTER TABLE `photos` DISABLE KEYS */;
INSERT INTO `photos` VALUES (1,3,'2012-03-23 08:45:33','2012-03-23 08:45:33','anya.jpg','image/jpeg',30089),(2,4,'2012-03-23 10:37:17','2012-03-23 10:37:17','feklistova.jpg','image/jpeg',40773),(3,2,'2012-03-25 08:29:48','2012-03-25 08:29:48','nikita.jpg','image/jpeg',253051),(4,6,'2012-03-25 16:30:28','2012-03-25 16:30:28','devochka.jpg','image/jpeg',50526),(5,7,'2012-03-25 16:38:52','2012-03-25 16:38:52','sveta.jpg','image/jpeg',45926),(6,8,'2012-03-25 16:43:11','2012-03-25 16:43:11','2b2e64bbef1361b57d7137502dd0a096.jpg','image/jpeg',45641),(7,9,'2012-03-25 17:00:07','2012-03-25 17:00:07','ivanov_nikolai.jpg','image/jpeg',33361),(8,10,'2012-03-25 17:31:37','2012-03-25 17:31:37','olga.jpg','image/jpeg',20238),(9,5,'2012-03-26 13:03:07','2012-03-26 13:03:07','paren.jpg','image/jpeg',41475),(10,12,'2012-03-26 13:12:34','2012-03-26 13:12:34','kuzina.jpg','image/jpeg',39701),(11,13,'2012-03-26 15:36:30','2012-03-26 15:36:30','6ddb484eb6e3a43e0785ff81d38dc52d.jpg','image/jpeg',50758),(12,17,'2012-03-28 12:56:16','2012-03-28 12:56:16','paren.jpg','image/jpeg',63928),(13,19,'2012-04-01 19:05:58','2012-04-01 19:05:58','969313567110.jpg','image/jpeg',35411),(14,20,'2012-04-01 19:21:45','2012-04-01 19:21:45','696866103754.jpg','image/jpeg',81154),(15,21,'2012-04-01 19:30:44','2012-04-01 19:30:44','920249878735.JPG','image/jpeg',185489),(16,22,'2012-04-01 19:37:30','2012-04-01 19:37:30','270146177658.JPG','image/jpeg',4442295),(17,23,'2012-04-01 19:41:21','2012-04-01 19:41:21','199637480367.jpg','image/jpeg',45823),(18,24,'2012-04-01 19:49:34','2012-04-01 19:49:34','217736326855.jpg','image/jpeg',1244221),(19,25,'2012-04-01 19:52:45','2012-04-01 19:52:45','933171266136.jpg','image/jpeg',133842),(20,26,'2012-04-01 20:01:43','2012-04-01 20:01:43','726201804879.jpg','image/jpeg',323766),(21,28,'2012-04-01 20:10:10','2012-04-01 20:10:10','422876516281.jpg','image/jpeg',328949),(22,29,'2012-04-01 20:20:26','2012-04-01 20:20:26','300395929141.jpg','image/jpeg',50462),(23,30,'2012-04-01 20:23:30','2012-04-01 20:23:30','124332249309.jpg','image/jpeg',20567),(24,31,'2012-04-01 20:26:07','2012-04-01 20:26:07','403657970048.JPG','image/jpeg',447890),(25,32,'2012-04-01 20:30:05','2012-04-01 20:30:05','387227134016.jpg','image/jpeg',843322),(26,33,'2012-04-01 20:32:51','2012-04-01 20:32:51','863361775846.JPG','image/jpeg',568301),(27,34,'2012-04-01 20:34:36','2012-04-01 20:34:36','470467555023.JPG','image/jpeg',1183143),(28,35,'2012-04-02 19:06:41','2012-04-02 19:06:41','350687754381.jpg','image/jpeg',2145648),(29,36,'2012-04-02 19:13:37','2012-04-02 19:13:37','236830198546.jpg','image/jpeg',77361),(30,37,'2012-04-02 19:23:53','2012-04-02 19:23:53','604750210597.jpg','image/jpeg',1597654),(31,38,'2012-04-02 19:26:44','2012-04-02 19:26:44','791053180426.jpg','image/jpeg',294905),(32,39,'2012-04-02 19:30:59','2012-04-02 19:30:59','510245620804.jpg','image/jpeg',809944),(33,40,'2012-04-02 19:40:00','2012-04-02 19:40:00','710203758118.jpg','image/jpeg',9870),(34,41,'2012-04-02 19:46:20','2012-04-02 19:46:20','715192206520.jpg','image/jpeg',187720),(35,42,'2012-04-02 19:50:54','2012-04-02 19:50:54','645844285566.jpg','image/jpeg',37883),(36,43,'2012-04-03 08:05:52','2012-04-03 08:05:52','0_6ae84_10d39ff_M.jpg','image/jpeg',15184);
/*!40000 ALTER TABLE `photos` ENABLE KEYS */;
UNLOCK TABLES;

--
-- Table structure for table `places`
--

DROP TABLE IF EXISTS `places`;
SET @saved_cs_client     = @@character_set_client;
SET character_set_client = utf8;
CREATE TABLE `places` (
  `id` int(11) NOT NULL auto_increment,
  `address` varchar(255) default NULL,
  `country` varchar(255) default NULL,
  `state` varchar(255) default NULL,
  `city` varchar(255) default NULL,
  `street` varchar(255) default NULL,
  `latitude` float default NULL,
  `longitude` float default NULL,
  `created_at` datetime default NULL,
  `updated_at` datetime default NULL,
  PRIMARY KEY  (`id`)
) ENGINE=InnoDB AUTO_INCREMENT=30 DEFAULT CHARSET=utf8;
SET character_set_client = @saved_cs_client;

--
-- Dumping data for table `places`
--

LOCK TABLES `places` WRITE;
/*!40000 ALTER TABLE `places` DISABLE KEYS */;
INSERT INTO `places` VALUES (1,'Россия, Брянская область, Брянск, улица Пушкина, 35','Россия','Брянская область','Брянск','улица Пушкина, 35',53.2672,34.408,'2012-03-23 08:56:32','2012-03-26 06:17:50'),(2,'Россия, Москва','Россия','','Москва','',55.7536,37.6092,'2012-03-23 10:45:30','2012-03-26 06:17:50'),(3,'Украина, Николаевская область, Николаев','Украина','Николаевская область','Николаев','',46.965,31.9876,'2012-03-25 16:32:20','2012-03-26 06:17:50'),(4,'Россия, Вологодская область, Череповец','Россия','Вологодская область','Череповец','',59.1289,37.9152,'2012-03-25 16:41:14','2012-03-26 06:17:50'),(5,'Украина, Винницкая область, Винница, Старогородской район, улица Маяковского, 138','Украина','Винницкая область','Винница','Старогородской район, улица Маяковского, 138',49.2126,28.4696,'2012-03-25 16:51:19','2012-03-26 06:17:51'),(6,'Россия, Санкт-Петербург, улица Подвойского, 14к1','Россия','','Санкт-Петербург','улица Подвойского, 14к1',59.9122,30.4681,'2012-03-25 17:37:45','2012-03-26 06:17:51'),(7,'Россия, Амурская область, Райчихинск','Россия','Амурская область','Райчихинск','',49.7838,129.419,'2012-03-26 13:06:04','2012-03-26 13:06:04'),(8,'Россия, Курская область, город Курск, улица Карла Маркса, 65','Россия','Курская область','город Курск','улица Карла Маркса, 65',51.7605,36.1866,'2012-03-26 13:14:24','2012-03-26 13:14:24'),(9,'Украина, Крым автономная республика, Красноперекопский район, село Источное','Украина','Крым автономная республика','село Источное','Красноперекопский район',45.9009,34.0193,'2012-03-26 15:38:07','2012-03-26 15:38:07'),(10,'Россия, Архангельская область, Северодвинск','Россия','Архангельская область','Северодвинск','',64.5738,39.8327,'2012-03-28 13:02:57','2012-03-28 13:02:57'),(11,'Россия, Московская область, Орехово-Зуевский район, деревня Лыщиково','Россия','Московская область','деревня Лыщиково','Орехово-Зуевский район',55.7015,39.4153,'2012-04-01 19:08:55','2012-04-01 19:08:55'),(12,'Россия, Псковская область, Псков','Россия','',NULL,'Псковская область, Псков',57.8193,28.3328,'2012-04-01 19:51:38','2012-04-01 19:51:38'),(13,'Россия, Приморский край, городской округ Партизанск','Россия','Приморский край',NULL,'городской округ Партизанск',43.2461,133.058,'2012-04-01 19:54:51','2012-04-01 19:54:51'),(14,'Россия, республика Татарстан, Азнакаево','Россия','республика Татарстан','Азнакаево','',54.8608,53.0766,'2012-04-01 20:03:38','2012-04-01 20:03:38'),(15,'Россия, Свердловская область, Нижний Тагил','Россия','Свердловская область','Нижний Тагил','',57.9254,60.0034,'2012-04-01 20:13:17','2012-04-01 20:13:17'),(16,'Казахстан','Казахстан','Карагандинская область',NULL,'',48.5509,66.9044,'2012-04-01 20:21:48','2012-04-01 20:21:48'),(17,'Россия, Ростовская область, Сальский район, село Новый Егорлык','Россия','Ростовская область','село Новый Егорлык','Сальский район',46.3922,41.8728,'2012-04-01 20:25:00','2012-04-01 20:25:00'),(18,'Казахстан, Алматинская область, Карасайский район','Казахстан','Алматинская область',NULL,'Карасайский район',43.2466,76.7338,'2012-04-01 20:28:00','2012-04-01 20:28:00'),(19,'Россия, Краснодарский край, Туапсе','Россия','Краснодарский край','Туапсе','',44.0995,39.0801,'2012-04-01 20:31:29','2012-04-01 20:31:29'),(20,'Украина, Одесская область','Молдавия','',NULL,'Украина, Одесская область',46.8606,29.7508,'2012-04-01 20:33:38','2012-04-01 20:33:38'),(21,'Россия, Волгоградская область, Котельниковский район, Котельниково','Россия','Волгоградская область','Котельниково','Котельниковский район',47.6351,43.1383,'2012-04-01 20:36:13','2012-04-01 20:36:13'),(22,'Россия, Свердловская область, Екатеринбург','Россия','Свердловская область','Екатеринбург','',56.838,60.5973,'2012-04-02 19:11:27','2012-04-02 19:11:27'),(23,'Россия, Иркутская область, Иркутск','Россия','Иркутская область','Иркутск','',52.2765,104.285,'2012-04-02 19:16:01','2012-04-02 19:16:01'),(24,'Россия, Самарская область, Самара','Россия','Самарская область','Самара','',53.2052,50.1912,'2012-04-02 19:28:26','2012-04-02 19:28:26'),(25,'Россия, Московская область, Фрязино','Россия','Московская область','Фрязино','',55.9542,38.0552,'2012-04-02 19:35:09','2012-04-02 19:35:09'),(26,'Россия, Калужская область, Обнинск','Россия','Калужская область','Обнинск','',55.1072,36.6047,'2012-04-02 19:41:23','2012-04-02 19:41:23'),(27,'Россия, Ярославская область, Ярославль','Россия','Ярославская область','Ярославль','',57.6225,39.8877,'2012-04-02 19:47:37','2012-04-02 19:47:37'),(28,'Украина, Одесская область','Молдавия','',NULL,'Украина, Одесская область',46.8606,29.7508,'2012-04-02 19:54:47','2012-04-02 19:54:47'),(29,'Россия, Санкт-Петербург','Россия','','Санкт-Петербург','',59.9377,30.3136,'2012-04-03 08:18:21','2012-04-03 08:18:21');
/*!40000 ALTER TABLE `places` ENABLE KEYS */;
UNLOCK TABLES;

--
-- Table structure for table `questionnaires`
--

DROP TABLE IF EXISTS `questionnaires`;
SET @saved_cs_client     = @@character_set_client;
SET character_set_client = utf8;
CREATE TABLE `questionnaires` (
  `id` int(11) NOT NULL auto_increment,
  `name` varchar(255) default NULL,
  `position` int(11) default NULL,
  PRIMARY KEY  (`id`)
) ENGINE=InnoDB AUTO_INCREMENT=15 DEFAULT CHARSET=utf8;
SET character_set_client = @saved_cs_client;

--
-- Dumping data for table `questionnaires`
--

LOCK TABLES `questionnaires` WRITE;
/*!40000 ALTER TABLE `questionnaires` DISABLE KEYS */;
INSERT INTO `questionnaires` VALUES (1,'Описание пропавшего',1),(2,'День исчезновения',3),(3,'Физическое состояние',4),(4,'Род деятельности',5),(5,'Финансовое состояние',NULL),(6,'Отношения с правоохранительными органами',NULL),(7,'Близкое окружение',NULL),(8,'Религиозные убеждения',NULL),(9,'Владение русским языком',NULL),(10,'Важные детали',NULL),(11,'Версии исчезновения',NULL),(12,'Предпринятые действия',NULL),(13,'Обстоятельства пропажи',2),(14,NULL,NULL);
/*!40000 ALTER TABLE `questionnaires` ENABLE KEYS */;
UNLOCK TABLES;

--
-- Table structure for table `questions`
--

DROP TABLE IF EXISTS `questions`;
SET @saved_cs_client     = @@character_set_client;
SET character_set_client = utf8;
CREATE TABLE `questions` (
  `id` int(11) NOT NULL auto_increment,
  `text` text,
  `field_text` varchar(255) default NULL,
  `human_text` varchar(255) default NULL,
  `collection_id` int(11) default NULL,
  `questionnaire_id` int(11) default NULL,
  `answer_type` int(11) default NULL,
  `other` tinyint(1) default NULL,
  `position` int(11) default NULL,
  `created_at` datetime default NULL,
  `updated_at` datetime default NULL,
  PRIMARY KEY  (`id`)
) ENGINE=InnoDB AUTO_INCREMENT=68 DEFAULT CHARSET=utf8;
SET character_set_client = @saved_cs_client;

--
-- Dumping data for table `questions`
--

LOCK TABLES `questions` WRITE;
/*!40000 ALTER TABLE `questions` DISABLE KEYS */;
INSERT INTO `questions` VALUES (2,'В день исчезновения имел при себе','С собой было',NULL,2,2,2,1,9,'2011-11-29 18:22:24','2011-11-29 19:25:27'),(4,'Какие ценные вещи у него были с собой?','Из ценного с собой были',NULL,NULL,2,3,0,NULL,'2011-11-29 19:00:53','2011-11-29 19:00:53'),(5,'Какая манера вождения?',NULL,NULL,NULL,2,2,NULL,NULL,NULL,NULL),(7,'Страдает от вредных привычек?','Вредные привычки',NULL,2,3,2,1,11,'2011-11-30 17:50:12','2011-11-30 17:50:12'),(8,'Страдает от хронических заболеваний?','',NULL,NULL,3,0,NULL,NULL,'2011-11-30 17:51:32','2011-11-30 17:51:32'),(9,'От каких хронических заболеваний страдает?','Есть хронические заболевания',NULL,NULL,3,3,NULL,NULL,'2011-11-30 17:51:54','2011-11-30 17:51:54'),(10,'Страдает от психологических заболеваний?','',NULL,NULL,3,0,NULL,NULL,'2011-11-30 17:52:44','2011-11-30 17:52:44'),(11,'От каких психологических заболеваний страдает?','Есть психологические заболевания',NULL,NULL,3,3,NULL,NULL,'2011-11-30 17:52:57','2011-11-30 17:52:57'),(12,'Нуждается в постоянном приеме лекарст?','',NULL,NULL,3,0,NULL,NULL,'2011-11-30 17:53:45','2011-11-30 17:53:45'),(13,'Имел ли лекарста при себе?',NULL,NULL,NULL,3,0,NULL,NULL,'2011-11-30 17:53:55','2011-11-30 17:53:55'),(14,'На момент исчезновения был здоров?',NULL,NULL,2,3,0,NULL,12,'2011-11-30 17:54:58','2011-11-30 17:54:58'),(15,'Страдал еще какими-нибудь болезнями?','Болеет',NULL,NULL,3,3,NULL,NULL,'2011-11-30 17:55:11','2011-11-30 17:55:11'),(16,'Ограничен в коммуникативных навыках?','Ограничен',NULL,NULL,3,2,1,NULL,'2011-12-01 15:29:59','2012-03-18 14:01:25'),(17,'Имеет травмы?',NULL,NULL,NULL,3,0,NULL,NULL,'2011-12-01 15:30:23','2011-12-01 15:30:23'),(18,'Какие травмы?','Травмы',NULL,NULL,3,3,NULL,NULL,'2011-12-01 15:30:37','2011-12-01 15:30:37'),(19,'Род деятельности','',NULL,2,4,1,1,13,'2011-12-01 15:41:14','2011-12-01 15:41:14'),(20,'Как называется организация и какая сфера деятельности?','Организация',NULL,NULL,4,3,0,NULL,'2011-12-01 15:43:04','2011-12-01 15:43:04'),(21,'В автомобиле хранились средства самообороны?',NULL,NULL,NULL,2,0,0,NULL,'2011-12-01 15:45:23','2011-12-01 15:45:23'),(22,'Автомобиль пропал?',NULL,NULL,NULL,2,0,0,NULL,'2011-12-01 15:45:52','2011-12-01 15:45:52'),(23,'Автомобиль дорогостоящий (более 3 млн. рублей)?',NULL,NULL,NULL,2,0,0,NULL,'2011-12-01 15:46:09','2011-12-01 15:46:09'),(24,'Рост','Рост',NULL,1,1,1,1,1,'2011-12-01 19:20:27','2011-12-01 19:20:27'),(25,'Телосложение','Телосложение',NULL,1,1,1,1,2,'2011-12-01 19:21:57','2011-12-01 19:21:57'),(26,'Волосы','Волосы',NULL,1,1,1,0,3,'2011-12-01 19:23:28','2011-12-01 19:23:28'),(27,'Цвет волос','Цвет волос',NULL,NULL,1,1,1,NULL,'2011-12-01 19:24:11','2011-12-01 19:24:11'),(28,'Особые приметы','Особые приметы',NULL,2,1,2,1,4,'2011-12-01 19:25:09','2011-12-01 19:25:09'),(30,'Местность пропажи',NULL,NULL,1,13,1,1,10,'2011-12-02 12:35:16','2012-03-15 08:14:24'),(31,'Куда направлялся?',NULL,NULL,NULL,13,2,1,2,'2011-12-02 12:37:18','2011-12-02 12:37:18'),(32,'Куда направлялся?',NULL,NULL,NULL,13,2,1,2,'2011-12-02 12:38:47','2011-12-02 12:38:47'),(33,'Уехал в другой город или страну?','Ухеал из города или страны',NULL,NULL,13,0,0,NULL,'2011-12-02 12:40:05','2011-12-02 12:40:05'),(34,'Гражданство','Гражданство',NULL,1,1,1,1,6,'2011-12-06 21:43:33','2011-12-06 21:43:33'),(35,'Когда последний раз видели пропавшего?',NULL,NULL,1,1,6,0,7,'2011-12-06 21:48:52','2011-12-06 21:48:52'),(36,'Был одет в?','Был одет в',NULL,1,1,3,0,8,'2011-12-06 22:25:13','2011-12-06 22:25:13'),(37,'Куда пошел на учебу?','Учеба',NULL,NULL,13,4,0,NULL,'2011-12-06 22:34:23','2011-12-06 22:34:23'),(38,'Куда пошел на на работу?','Работа',NULL,NULL,13,4,0,NULL,'2011-12-06 22:34:44','2011-12-06 22:34:44'),(39,'Отметьте места куда мог пойти гулять?','Ушел гулять','Мог быть недалеко от #address в #city',NULL,13,4,0,NULL,'2011-12-06 22:35:38','2011-12-06 22:35:38'),(40,'Куда он пошел отдыхать?','Развлечения',NULL,NULL,13,4,0,NULL,'2011-12-06 22:36:14','2011-12-06 22:36:14'),(41,'Куда он пошел в поход?','Ушел в поход',NULL,NULL,13,4,0,NULL,'2011-12-06 22:36:34','2011-12-06 22:36:34'),(42,'Куда он пошел на рыбалку?','Ушел на рыбалку',NULL,NULL,13,4,0,NULL,'2011-12-06 22:36:42','2011-12-06 22:36:42'),(43,'Куда он пошел за грибами?','Пошел за грибами',NULL,NULL,13,4,0,NULL,'2011-12-06 22:36:53','2011-12-06 22:36:53'),(44,'Куда он пошел на охоту?','Пошел на охоту',NULL,NULL,13,4,0,NULL,'2011-12-06 22:37:07','2011-12-06 22:37:07'),(45,'Куда он пошел купаться?','Пошел купаться',NULL,NULL,13,4,0,NULL,'2011-12-06 22:37:13','2011-12-06 22:37:13'),(46,'В какие магазины он мог пойти?','Ушел в магазин',NULL,NULL,13,4,0,NULL,'2011-12-06 22:49:30','2011-12-06 22:49:30'),(47,'Куда в гости мог пойти?','Ушел в гости',NULL,NULL,13,4,0,NULL,'2011-12-06 22:49:50','2011-12-06 22:49:50'),(53,'Чем вы можете помочь в поисках?',NULL,NULL,3,NULL,2,1,1,'2012-01-18 16:58:36','2012-01-18 16:58:36'),(54,'Как с вами связаться?',NULL,NULL,3,NULL,7,NULL,2,'2012-02-12 22:41:28','2012-02-12 22:41:28'),(55,'Что было перед пропажей?',NULL,NULL,NULL,13,1,1,1,'2012-03-18 13:12:03','2012-03-18 13:12:03'),(56,'Опишите место пропажи подробнее',NULL,NULL,NULL,13,3,NULL,NULL,'2012-03-18 13:14:29','2012-03-18 13:14:29'),(57,'Где находится это место?','Перед исчезновением','Перед исчезновением был недалеко от #address',NULL,13,4,NULL,NULL,'2012-03-18 13:16:27','2012-03-18 13:16:27'),(58,'Где находится дом?','Ушел из дома','Ушел из дома в #city',NULL,13,4,NULL,NULL,'2012-03-23 10:39:41','2012-03-23 10:39:41'),(62,'Где находится работа?',NULL,NULL,NULL,13,4,NULL,NULL,'2012-03-25 15:22:29','2012-03-25 15:24:18'),(63,'Где находится учеба?',NULL,NULL,NULL,13,4,NULL,NULL,'2012-03-25 15:24:39','2012-03-25 15:24:39'),(64,'Где он был в гостях?',NULL,NULL,NULL,13,4,NULL,NULL,'2012-03-25 15:26:12','2012-03-25 15:27:48'),(65,'Где проходило мероприятие?',NULL,NULL,NULL,13,4,NULL,NULL,'2012-03-25 15:26:33','2012-03-25 15:26:44'),(66,'Цвет глаз','Цвет глаз',NULL,1,1,3,1,4,'2011-12-01 19:24:11','2011-12-01 19:24:11'),(67,'Куда домой он пошел?','Шел домой','',NULL,13,4,NULL,NULL,'2012-03-25 17:51:56','2012-03-25 17:51:56');
/*!40000 ALTER TABLE `questions` ENABLE KEYS */;
UNLOCK TABLES;

--
-- Table structure for table `related_questions`
--

DROP TABLE IF EXISTS `related_questions`;
SET @saved_cs_client     = @@character_set_client;
SET character_set_client = utf8;
CREATE TABLE `related_questions` (
  `id` int(11) NOT NULL auto_increment,
  `related_question_id` int(11) default NULL,
  `question_id` int(11) default NULL,
  `answer` text,
  PRIMARY KEY  (`id`)
) ENGINE=InnoDB AUTO_INCREMENT=69 DEFAULT CHARSET=utf8;
SET character_set_client = @saved_cs_client;

--
-- Dumping data for table `related_questions`
--

LOCK TABLES `related_questions` WRITE;
/*!40000 ALTER TABLE `related_questions` DISABLE KEYS */;
INSERT INTO `related_questions` VALUES (1,4,2,'4'),(2,5,2,'2'),(3,9,8,'yes'),(4,11,10,'yes'),(5,13,12,'yes'),(6,15,14,'no'),(7,18,17,'yes'),(8,20,19,'18'),(9,20,19,'19'),(10,20,19,'21'),(12,21,22,'yes'),(13,23,22,'yes'),(14,22,2,'2'),(15,27,26,'30\n'),(16,27,26,'31'),(17,27,26,'32'),(22,37,31,'46'),(23,38,31,'47'),(24,39,31,'49'),(25,40,31,'50'),(26,41,32,'51'),(27,42,32,'52'),(28,43,32,'53'),(29,44,32,'54'),(30,45,32,'55'),(31,46,31,'44'),(32,67,31,'45'),(33,32,30,'42'),(34,31,30,'43'),(37,56,30,'109'),(38,57,30,'109'),(41,56,30,NULL),(42,57,30,NULL),(47,8,14,'no'),(48,10,14,'no'),(49,12,14,'no'),(50,16,14,'no'),(51,58,55,'114'),(55,4,61,'128'),(56,9,61,'127'),(57,62,55,'115'),(58,63,55,'116'),(59,65,55,'117'),(61,64,55,'131'),(63,64,55,'129'),(64,57,55,NULL),(67,55,30,'42'),(68,55,30,'43');
/*!40000 ALTER TABLE `related_questions` ENABLE KEYS */;
UNLOCK TABLES;

--
-- Table structure for table `schema_migrations`
--

DROP TABLE IF EXISTS `schema_migrations`;
SET @saved_cs_client     = @@character_set_client;
SET character_set_client = utf8;
CREATE TABLE `schema_migrations` (
  `version` varchar(255) NOT NULL,
  UNIQUE KEY `unique_schema_migrations` (`version`)
) ENGINE=InnoDB DEFAULT CHARSET=utf8;
SET character_set_client = @saved_cs_client;

--
-- Dumping data for table `schema_migrations`
--

LOCK TABLES `schema_migrations` WRITE;
/*!40000 ALTER TABLE `schema_migrations` DISABLE KEYS */;
INSERT INTO `schema_migrations` VALUES ('20111129180339'),('20111129192156'),('20111201185516'),('20111208210259'),('20111213174459'),('20111214174651'),('20111214175307'),('20111214180549'),('20111214181211'),('20111221211540'),('20111226181729'),('20111228094617'),('20111228145213'),('20120111181533'),('20120125053819'),('20120125053936'),('20120125054329'),('20120126180945'),('20120126182149'),('20120126193424'),('20120213214552'),('20120214113926'),('20120215191305'),('20120215191340');
/*!40000 ALTER TABLE `schema_migrations` ENABLE KEYS */;
UNLOCK TABLES;

--
-- Table structure for table `searches`
--

DROP TABLE IF EXISTS `searches`;
SET @saved_cs_client     = @@character_set_client;
SET character_set_client = utf8;
CREATE TABLE `searches` (
  `id` int(11) NOT NULL auto_increment,
  `keywords` varchar(255) default NULL,
  `male` tinyint(1) default NULL,
  `minimum_age` int(11) default NULL,
  `maximum_age` int(11) default NULL,
  `last_seen` varchar(255) default NULL,
  `region` varchar(255) default NULL,
  `region_type` int(11) default NULL,
  `with_photo` tinyint(1) default NULL,
  `created_at` datetime default NULL,
  `updated_at` datetime default NULL,
  `last_seen_start` date default NULL,
  `last_seen_end` date default NULL,
  PRIMARY KEY  (`id`)
) ENGINE=InnoDB DEFAULT CHARSET=utf8;
SET character_set_client = @saved_cs_client;

--
-- Dumping data for table `searches`
--

LOCK TABLES `searches` WRITE;
/*!40000 ALTER TABLE `searches` DISABLE KEYS */;
/*!40000 ALTER TABLE `searches` ENABLE KEYS */;
UNLOCK TABLES;

--
-- Table structure for table `seen_the_missings`
--

DROP TABLE IF EXISTS `seen_the_missings`;
SET @saved_cs_client     = @@character_set_client;
SET character_set_client = utf8;
CREATE TABLE `seen_the_missings` (
  `id` int(11) NOT NULL auto_increment,
  `missing_id` int(11) default NULL,
  `user_id` int(11) default NULL,
  `address` varchar(255) default NULL,
  `latitude` float default NULL,
  `longitude` float default NULL,
  `created_at` datetime default NULL,
  `updated_at` datetime default NULL,
  PRIMARY KEY  (`id`)
) ENGINE=InnoDB AUTO_INCREMENT=3 DEFAULT CHARSET=utf8;
SET character_set_client = @saved_cs_client;

--
-- Dumping data for table `seen_the_missings`
--

LOCK TABLES `seen_the_missings` WRITE;
/*!40000 ALTER TABLE `seen_the_missings` DISABLE KEYS */;
INSERT INTO `seen_the_missings` VALUES (1,3,4,'Москва',55.7536,37.6092,'2012-03-23 11:20:28','2012-03-23 11:20:28'),(2,4,1,'Москва',55.7536,37.6092,'2012-03-29 19:39:31','2012-03-29 19:39:33');
/*!40000 ALTER TABLE `seen_the_missings` ENABLE KEYS */;
UNLOCK TABLES;

--
-- Table structure for table `sessions`
--

DROP TABLE IF EXISTS `sessions`;
SET @saved_cs_client     = @@character_set_client;
SET character_set_client = utf8;
CREATE TABLE `sessions` (
  `id` int(11) NOT NULL auto_increment,
  `session_id` varchar(255) NOT NULL,
  `data` text,
  `created_at` datetime default NULL,
  `updated_at` datetime default NULL,
  PRIMARY KEY  (`id`),
  KEY `index_sessions_on_session_id` (`session_id`),
  KEY `index_sessions_on_updated_at` (`updated_at`)
) ENGINE=InnoDB AUTO_INCREMENT=54 DEFAULT CHARSET=utf8;
SET character_set_client = @saved_cs_client;

--
-- Dumping data for table `sessions`
--

LOCK TABLES `sessions` WRITE;
/*!40000 ALTER TABLE `sessions` DISABLE KEYS */;
INSERT INTO `sessions` VALUES (2,'d4e06a8b78c1ecfd96897505ea81424a','BAh7C0kiEF9jc3JmX3Rva2VuBjoGRUZJIjFIOXZ6KzBGK2dZeHp0YkdOWlVS\nMmIzYVE3ZVpKTm9Qd05VczZQdmxZZE5zPQY7AEZJIhlhZG1pbl91c2VyX3Jl\ndHVybl90bwY7AEYiCy9hZG1pbkkiDWxvY2F0aW9uBjsARkkiEdCc0L7RgdC6\n0LLQsAY7AFRJIg9taXNzaW5nX2lkBjsARmkHSSITdXNlcl9yZXR1cm5fdG8G\nOwBGIgYvSSISZ3Vlc3RfdXNlcl9pZAY7AEZpCw==\n','2012-03-23 07:00:20','2012-03-25 08:22:25'),(5,'2ec24c3e8cfc1740fd11b215466da486','BAh7CUkiEF9jc3JmX3Rva2VuBjoGRUZJIjFQMDlROUVXM3ZOQjVKTkoyWVU3\nZGhVVm5DUXJQUkhsRENxcGZuUlN5YTVJPQY7AEZJIhlhZG1pbl91c2VyX3Jl\ndHVybl90bwY7AEYiCy9hZG1pbkkiGXdhcmRlbi51c2VyLnVzZXIua2V5BjsA\nVFsISSIJVXNlcgY7AEZbBmkISSIABjsAVEkiDWxvY2F0aW9uBjsARkkiEdCc\n0L7RgdC60LLQsAY7AFQ=\n','2012-03-23 10:21:26','2012-03-26 13:16:31'),(6,'d6daced52ee930552f506ca3bc482cd9','BAh7CEkiDWxvY2F0aW9uBjoGRUZJIhHQnNC+0YHQutCy0LAGOwBUSSISZ3Vl\nc3RfdXNlcl9pZAY7AEZpCUkiEF9jc3JmX3Rva2VuBjsARkkiMXdleDluV29O\nRHJ6UTF1Q1o3bEc1OHRVd05MVU1udTF0a01QanNMOFErbFE9BjsARg==\n','2012-03-23 11:15:31','2012-03-23 11:15:31'),(7,'3b32d13398bc9e996cd3146c50bcae49','BAh7CkkiEF9jc3JmX3Rva2VuBjoGRUZJIjEvMUJ5N2s4UEthQTBLeEgyK25z\ndzJYNUNzdy9oeUtGSGtKY25TUUxoYk1FPQY7AEZJIg1sb2NhdGlvbgY7AEZJ\nIhfQltGD0LrQvtCy0YHQutC40LkGOwBUSSISZ3Vlc3RfdXNlcl9pZAY7AEZp\nCkkiFG9tbmlhdXRoLnBhcmFtcwY7AEZ7AEkiFG9tbmlhdXRoLm9yaWdpbgY7\nAEYiN2h0dHA6Ly9hLm5haWR1dGVieWEucnUvbWlzc2luZ3MvMy1zaGthcHRz\nb3ZhLWFueWEv\n','2012-03-24 18:40:32','2012-03-24 18:41:53'),(15,'0eb49d65822095b93d2a3af22b796802','BAh7CUkiEF9jc3JmX3Rva2VuBjoGRUZJIjFYcHczS1hOWGpsdTRZS0pYK0ZL\ndDlWTHBSellXOXNuOVRBMU1mSDFyNERVPQY7AEZJIg1sb2NhdGlvbgY7AEZJ\nIhHQnNC+0YHQutCy0LAGOwBUSSISZ3Vlc3RfdXNlcl9pZAY7AEZpEUkiH3dh\ncmRlbi51c2VyLmFkbWluX3VzZXIua2V5BjsAVFsISSIOQWRtaW5Vc2VyBjsA\nRlsGaQZJIiIkMmEkMTAkQXlkUTM4OXYvQy8zMC83NzgxZnIvdQY7AFQ=\n','2012-03-25 17:51:26','2012-03-25 17:57:58'),(18,'44976f754ec85c245998132186794202','BAh7CEkiDWxvY2F0aW9uBjoGRUZJIhHQoNC+0YHRgdC40Y8GOwBUSSIQX2Nz\ncmZfdG9rZW4GOwBGSSIxTmdlME1DeUE0alJxaVdSdjdGN25Ncjk0dW9VR1VC\nTW1GekR4U3IxcUY5bz0GOwBGSSISZ3Vlc3RfdXNlcl9pZAY7AEZpEw==\n','2012-03-26 15:47:58','2012-03-26 15:56:16'),(20,'586770d8c43e143079c840a10108caaa','BAh7CUkiEF9jc3JmX3Rva2VuBjoGRUZJIjFtMXlwNHF1TEQzbTltWTRFVzc5\ndHBuMEdFMm5PYWFaUkVQQ1ZTSTRZMnhvPQY7AEZJIhl3YXJkZW4udXNlci51\nc2VyLmtleQY7AFRbCEkiCVVzZXIGOwBGWwZpCEkiAAY7AFRJIg1sb2NhdGlv\nbgY7AEZJIhHQoNC+0YHRgdC40Y8GOwBUSSIPbWlzc2luZ19pZAY7AEZpFA==\n','2012-03-26 15:54:36','2012-03-26 16:12:19'),(22,'5f156b6ac315e04d7a9e235bc3a6f98e','BAh7CUkiEF9jc3JmX3Rva2VuBjoGRUZJIjFXNXNWZUE1ZmFiaFBZTnNjRGk0\nL1RJWjZIeTZLcVY2aE5HektmRzh1enpVPQY7AEZJIg9taXNzaW5nX2lkBjsA\nRmkVSSISZ3Vlc3RfdXNlcl9pZAY7AEZpFUkiDWxvY2F0aW9uBjsARkkiEdCg\n0L7RgdGB0LjRjwY7AFQ=\n','2012-03-27 14:19:20','2012-03-27 14:26:49'),(23,'f4f15dba7860e665c41e41231625fdb2','BAh7CEkiDWxvY2F0aW9uBjoGRUZJIhHQoNC+0YHRgdC40Y8GOwBUSSISZ3Vl\nc3RfdXNlcl9pZAY7AEZpFkkiEF9jc3JmX3Rva2VuBjsARkkiMTJuZ2I2WmM2\nMzFIRDRwRmluRFJvRWF4aThnSUs1Q1BmOUQ0ZHgzaUVGc2M9BjsARg==\n','2012-03-28 11:52:08','2012-03-28 11:52:08'),(25,'8325b92b2f643d311a8d3a8ef872012f','BAh7CUkiEF9jc3JmX3Rva2VuBjoGRUZJIjFkMk5ZQjZVM24zYUFqK3FQL1Nm\nU1pjZHRtN3JBRnJiWGFISjllejc2TjhJPQY7AEZJIg1sb2NhdGlvbgY7AEZJ\nIhHQoNC+0YHRgdC40Y8GOwBUSSISZ3Vlc3RfdXNlcl9pZAY7AEZpF0kiGXdh\ncmRlbi51c2VyLnVzZXIua2V5BjsAVFsISSIJVXNlcgY7AEZbBmkYSSIABjsA\nVA==\n','2012-03-28 12:53:08','2012-03-28 12:53:08'),(26,'b31381efef44302144ed0f8cb34f6196','BAh7BkkiGXdhcmRlbi51c2VyLnVzZXIua2V5BjoGRVRbCEkiCVVzZXIGOwBG\nWwZpGEkiAAY7AFQ=\n','2012-03-28 12:53:13','2012-03-28 12:53:13'),(32,'e62fe747c073cb8c78b91b6a2d234ce0','BAh7CEkiEF9jc3JmX3Rva2VuBjoGRUZJIjFJS05BZXFYb3FNemVsRWNvejdL\nWEF5YVdXZHBOSUZCZXRTeDQ3ejU5cWE4PQY7AEZJIhl3YXJkZW4udXNlci51\nc2VyLmtleQY7AFRbCEkiCVVzZXIGOwBGWwZpGUkiIiQyYSQxMCRYWFliQVN3\nZ1IzZE9LVDQyUmVlb25PBjsAVEkiDWxvY2F0aW9uBjsARkkiEdCg0L7RgdGB\n0LjRjwY7AFQ=\n','2012-03-28 13:04:57','2012-03-28 13:06:23'),(33,'ef8567cd48b39b7beb6a7321bdb93332','BAh7CUkiEF9jc3JmX3Rva2VuBjoGRUZJIjFxbWNiRXdQRUJlS0ZqOXlmL1R4\naFR1UFQ2dHJWeDdtcjRyQ3Y0ZzBaU1RZPQY7AEZJIg9taXNzaW5nX2lkBjsA\nRmkXSSISZ3Vlc3RfdXNlcl9pZAY7AEZpGkkiDWxvY2F0aW9uBjsARkkiEdCg\n0L7RgdGB0LjRjwY7AFQ=\n','2012-03-29 10:14:16','2012-04-02 11:33:51'),(36,'fce6311ab61b2bd9020664854d3cae7e','BAh7CEkiEF9jc3JmX3Rva2VuBjoGRUZJIjFiSEZhdklxMTI3T3NzSTRsMGZU\nSkpzVkI0ZVRpemNmbmoweWpkVGxFNFlFPQY7AEZJIhl3YXJkZW4udXNlci51\nc2VyLmtleQY7AFRbCEkiCVVzZXIGOwBGWwZpBkkiIiQyYSQxMCRWcDRKV3Zw\nSW4vVG5CL1pBcXdyVXZ1BjsAVEkiDWxvY2F0aW9uBjsARkkiEdCc0L7RgdC6\n0LLQsAY7AFQ=\n','2012-03-29 19:37:25','2012-03-29 19:37:47'),(37,'144b4d38b4f61b7f944cdc44db80adbc','BAh7B0kiEF9jc3JmX3Rva2VuBjoGRUZJIjEzV3VUemticFVTUlpVeUlaMHFt\nQUY1cTk0SFdlaXBna0lIbDM1YTlVNG9NPQY7AEZJIhl3YXJkZW4udXNlci51\nc2VyLmtleQY7AFRbCEkiCVVzZXIGOwBGWwZpBkkiIiQyYSQxMCRWcDRKV3Zw\nSW4vVG5CL1pBcXdyVXZ1BjsAVA==\n','2012-04-01 07:22:24','2012-04-01 07:22:24'),(38,'16f596eb9ea15d0a9c66625f5ca51b78','BAh7CEkiEF9jc3JmX3Rva2VuBjoGRUZJIjFhdVdrZUtsZFJJSkJmSDJ3dC9X\nZmxCZ0ZWNURhZi9uejJUY0xkZWZaVlFFPQY7AEZJIg1sb2NhdGlvbgY7AEZJ\nIhHQoNC+0YHRgdC40Y8GOwBUSSISZ3Vlc3RfdXNlcl9pZAY7AEZpGw==\n','2012-04-01 10:59:25','2012-04-01 14:01:14'),(40,'8d89cb958afba4af15b3f45e1e247514','BAh7BkkiEF9jc3JmX3Rva2VuBjoGRUZJIjFrVFAzaHozQU5ET3UxU1E2amRv\ndmFKdVdFSlB6VTVxK3N1dklWWFBxcXVFPQY7AEY=\n','2012-04-01 19:17:58','2012-04-01 19:17:58'),(46,'501fe49a229b1fc56bd9f7c1d7acfcaf','BAh7BzoPbWlzc2luZ19pZGkgOhJndWVzdF91c2VyX2lkaR4=\n','2012-04-01 20:08:08','2012-04-01 20:08:08'),(48,'6f1bb74d1db6449fd502a1c41cf3f96c','BAh7CUkiEF9jc3JmX3Rva2VuBjoGRUZJIjFYc3o1SnZoTXlXV3prcWhEY1V6\nZTRYQTBmWkxqVU1LNkpFcDFzaW4zY01NPQY7AEZJIg1sb2NhdGlvbgY7AEZJ\nIgvQodCo0JAGOwBUSSITdXNlcl9yZXR1cm5fdG8GOwBGIgYvSSISZ3Vlc3Rf\ndXNlcl9pZAY7AEZpIA==\n','2012-04-01 20:14:25','2012-04-03 19:44:09'),(49,'5a3fb43e39eb193a543e36a4de6a55f9','BAh7CEkiEF9jc3JmX3Rva2VuBjoGRUZJIjE4bkMxc0dDbkt4VitvZnNtUUlq\ndmlFK0xyV25kRWM4ZW5LMzA3eC8vNGU4PQY7AEZJIhl3YXJkZW4udXNlci51\nc2VyLmtleQY7AFRbCEkiCVVzZXIGOwBGWwZpBkkiIiQyYSQxMCRWcDRKV3Zw\nSW4vVG5CL1pBcXdyVXZ1BjsAVEkiDWxvY2F0aW9uBjsARkkiEdCc0L7RgdC6\n0LLQsAY7AFQ=\n','2012-04-01 21:18:28','2012-04-01 21:18:38'),(50,'5c440f1c629335b5f5dac825e89fb377','BAh7BkkiEF9jc3JmX3Rva2VuBjoGRUZJIjEyRE9tb2NGd2kyblRGbXBFQTA0\nUmxHT3R6VWF2RUc4eDc4akphbzJUM2Y4PQY7AEY=\n','2012-04-02 20:01:53','2012-04-02 20:01:53'),(52,'cebaec8ff4d39941b18453050dcd0eaa','BAh7CUkiEF9jc3JmX3Rva2VuBjoGRUZJIjF3azhXT01KY2dsV0VnZW4vOHJZ\nUWlQRVpxOEEzRVJwUDVsTTZGUlUvYWZnPQY7AEZJIhl3YXJkZW4udXNlci51\nc2VyLmtleQY7AFRbCEkiCVVzZXIGOwBGWwZpH0kiIiQyYSQxMCQzNG1jVE9t\nNnRSZWJ3bnpYSk9vVWJ1BjsAVEkiCmZsYXNoBjsARm86JUFjdGlvbkRpc3Bh\ndGNoOjpGbGFzaDo6Rmxhc2hIYXNoCToKQHVzZWRvOghTZXQGOgpAaGFzaHsG\nOgtoaWRkZW5UOgxAY2xvc2VkRjoNQGZsYXNoZXN7BjsKSSIIbmV3BjsAVDoJ\nQG5vdzBJIg1sb2NhdGlvbgY7AEZJIhHQoNC+0YHRgdC40Y8GOwBU\n','2012-04-03 08:26:32','2012-04-03 08:26:34'),(53,'e14f8a88a767f2d2374a19b7bfeb6049','BAh7B0kiEF9jc3JmX3Rva2VuBjoGRUZJIjF1Y2xHanEzVG1YN2gwZkRCWDFk\nMWJNTWEvbmZqS1BLUW9tZlVmOWdLMTVBPQY7AEZJIhl3YXJkZW4udXNlci51\nc2VyLmtleQY7AFRbCEkiCVVzZXIGOwBGWwZpBkkiIiQyYSQxMCRWcDRKV3Zw\nSW4vVG5CL1pBcXdyVXZ1BjsAVA==\n','2012-04-03 19:50:55','2012-04-03 19:50:55');
/*!40000 ALTER TABLE `sessions` ENABLE KEYS */;
UNLOCK TABLES;

--
-- Table structure for table `user_answers`
--

DROP TABLE IF EXISTS `user_answers`;
SET @saved_cs_client     = @@character_set_client;
SET character_set_client = utf8;
CREATE TABLE `user_answers` (
  `id` int(11) NOT NULL default '0',
  `missing_id` int(11) default NULL,
  `question_id` int(11) default NULL,
  `user_id` int(11) default NULL,
  `answer_id` int(11) default NULL,
  `text` text,
  `created_at` datetime default NULL,
  `updated_at` datetime default NULL,
  `answer_type` int(11) default NULL,
  `questionnaire_id` int(11) default NULL,
  `question_text` text,
  `question_field_text` varchar(255) default NULL,
  `answer_human_text` text,
  `asnwer_text` varchar(255) default NULL,
  `answer` text
) ENGINE=InnoDB DEFAULT CHARSET=utf8;
SET character_set_client = @saved_cs_client;

--
-- Dumping data for table `user_answers`
--

LOCK TABLES `user_answers` WRITE;
/*!40000 ALTER TABLE `user_answers` DISABLE KEYS */;
/*!40000 ALTER TABLE `user_answers` ENABLE KEYS */;
UNLOCK TABLES;

--
-- Table structure for table `users`
--

DROP TABLE IF EXISTS `users`;
SET @saved_cs_client     = @@character_set_client;
SET character_set_client = utf8;
CREATE TABLE `users` (
  `id` int(11) NOT NULL auto_increment,
  `name` varchar(255) default NULL,
  `email` varchar(255) NOT NULL default '',
  `phone` varchar(255) default NULL,
  `callback` varchar(255) default NULL,
  `admin` tinyint(1) default '0',
  `detective` tinyint(1) default '0',
  `volunteer` tinyint(1) default '0',
  `encrypted_password` varchar(128) NOT NULL default '',
  `reset_password_token` varchar(255) default NULL,
  `reset_password_sent_at` datetime default NULL,
  `remember_created_at` datetime default NULL,
  `sign_in_count` int(11) default '0',
  `current_sign_in_at` datetime default NULL,
  `last_sign_in_at` datetime default NULL,
  `current_sign_in_ip` varchar(255) default NULL,
  `last_sign_in_ip` varchar(255) default NULL,
  `avatar_file_name` varchar(255) default NULL,
  `avatar_content_type` varchar(255) default NULL,
  `avatar_file_size` int(11) default NULL,
  `avatar_updated_at` datetime default NULL,
  `provider` varchar(255) default NULL,
  `confirmed` tinyint(1) default NULL,
  `virtual` tinyint(1) default NULL,
  `confirmation_token` varchar(255) default NULL,
  `confirmed_at` datetime default NULL,
  `confirmation_sent_at` datetime default NULL,
  `unconfirmed_email` varchar(255) default NULL,
  `created_at` datetime default NULL,
  `updated_at` datetime default NULL,
  PRIMARY KEY  (`id`),
  UNIQUE KEY `index_users_on_email` (`email`),
  UNIQUE KEY `index_users_on_reset_password_token` (`reset_password_token`),
  UNIQUE KEY `index_users_on_confirmation_token` (`confirmation_token`)
) ENGINE=InnoDB AUTO_INCREMENT=28 DEFAULT CHARSET=utf8;
SET character_set_client = @saved_cs_client;

--
-- Dumping data for table `users`
--

LOCK TABLES `users` WRITE;
/*!40000 ALTER TABLE `users` DISABLE KEYS */;
INSERT INTO `users` VALUES (1,'Александр','fefa4ka@gmail.com','+7 926 372-11-63',NULL,0,0,0,'$2a$10$Vp4JWvpIn/TnB/ZAqwrUvu6frPJmAZY.EpA/NMyMgAbnyGAK/7rTS',NULL,NULL,'2012-03-29 19:37:25',6,'2012-04-03 19:50:55','2012-04-01 21:18:28','91.197.11.250','91.197.11.250',NULL,NULL,NULL,NULL,'',NULL,NULL,'gdbFK6UsRpzkqp2RjkmR','2012-03-29 19:36:55','2012-03-23 06:50:21',NULL,'2012-03-23 06:50:21','2012-04-03 19:50:55'),(2,'Яна','pidar-ne@ya.ru','+7 499 346-39-20',NULL,0,0,0,'$2a$10$kQVeTv2QaO0uRF3vQS/gIuaOnCIsU4Apey1JD8.03QiJhHaCNwRzK',NULL,NULL,NULL,1,'2012-03-23 08:57:19','2012-03-23 08:57:19','95.108.174.66','95.108.174.66',NULL,NULL,NULL,NULL,NULL,NULL,NULL,'LxcsgbfHsmfVKuzCfwgE',NULL,'2012-03-23 08:43:56',NULL,'2012-03-23 08:43:56','2012-03-23 08:57:19'),(3,'Izichka Fifa','414765@vk.com',NULL,NULL,0,0,0,'',NULL,NULL,NULL,2,'2012-03-26 15:54:36','2012-03-23 10:21:26','213.180.216.228','95.108.174.66','open-uri20120326-23742-18a9bpy','image/jpeg',14465,'2012-03-26 15:54:36','vkontakte',NULL,NULL,'GisuyqtrANtr6hjM5ozx','2012-03-26 15:54:36','2012-03-23 10:21:22',NULL,'2012-03-23 10:21:22','2012-03-26 15:54:36'),(4,'guest','guest_133250132978@guest_email_address.com',NULL,NULL,0,0,0,'',NULL,NULL,NULL,0,NULL,NULL,NULL,NULL,NULL,NULL,NULL,NULL,NULL,NULL,NULL,'hmvWicMegvaMAix3vpg6',NULL,'2012-03-23 11:15:29',NULL,'2012-03-23 11:15:29','2012-03-23 11:15:29'),(5,'guest','guest_133261444653@guest_email_address.com',NULL,NULL,0,0,0,'',NULL,NULL,NULL,0,NULL,NULL,NULL,NULL,NULL,NULL,NULL,NULL,NULL,NULL,NULL,'tcvxYbcuBqbuh2znSinr',NULL,'2012-03-24 18:40:46',NULL,'2012-03-24 18:40:46','2012-03-24 18:40:46'),(6,'','guest_133266374231@guest_email_address.com','',NULL,0,0,0,'',NULL,NULL,NULL,0,NULL,NULL,NULL,NULL,NULL,NULL,NULL,NULL,NULL,NULL,NULL,'8cPsX2DbVr6s1kYwzTbv',NULL,'2012-03-25 08:22:22',NULL,'2012-03-25 08:22:22','2012-03-25 08:33:28'),(7,'Не допусти!','ya.ne.pidar@mail.ru','+7 499 252-83-63',NULL,0,0,0,'$2a$10$FfahqPTQbjClT0ByCstnP.DYIWlZftQsQQomkw08gpGhUyklqsFwi',NULL,NULL,NULL,1,'2012-03-25 16:33:56','2012-03-25 16:33:56','91.197.11.250','91.197.11.250',NULL,NULL,NULL,NULL,NULL,NULL,NULL,'tTLQxkccoyJLs3dJzxVz',NULL,'2012-03-25 16:26:25',NULL,'2012-03-25 16:26:25','2012-03-25 16:33:56'),(8,'Не пропади!','pafo4ka@gmail.com','+7 499 252-83-63',NULL,0,0,0,'$2a$10$rZBxtab5uYibW1Mz7th7EudcmIVs8jjaLv.k899CpB6ss066EDUWq',NULL,NULL,NULL,1,'2012-03-25 17:07:06','2012-03-25 17:07:06','91.197.11.250','91.197.11.250',NULL,NULL,NULL,NULL,NULL,NULL,NULL,'ngWtdW3GHB8yes8AKfR5',NULL,'2012-03-25 16:58:57',NULL,'2012-03-25 16:58:57','2012-03-25 17:07:06'),(9,'guest','guest_133269780036@guest_email_address.com',NULL,NULL,0,0,0,'',NULL,NULL,NULL,0,NULL,NULL,NULL,NULL,NULL,NULL,NULL,NULL,NULL,NULL,NULL,'A5LqSxXcoDUShrsx3XcJ',NULL,'2012-03-25 17:50:00',NULL,'2012-03-25 17:50:00','2012-03-25 17:50:00'),(10,'Никита','sfi@a.ru','+7 926 372-11-63',NULL,0,0,0,'',NULL,NULL,NULL,0,NULL,NULL,NULL,NULL,NULL,NULL,NULL,NULL,NULL,NULL,NULL,'6fc3Bo6JAPpdZaN8Qe4h',NULL,'2012-03-25 17:50:20',NULL,'2012-03-25 17:50:20','2012-03-25 17:50:20'),(11,'guest','guest_133269783429@guest_email_address.com',NULL,NULL,0,0,0,'',NULL,NULL,NULL,0,NULL,NULL,NULL,NULL,NULL,NULL,NULL,NULL,NULL,NULL,NULL,'dUE4xDeeytV6o9y6VnUz',NULL,'2012-03-25 17:50:34',NULL,'2012-03-25 17:50:34','2012-03-25 17:50:34'),(12,'guest','guest_133269785426@guest_email_address.com',NULL,NULL,0,0,0,'',NULL,NULL,NULL,0,NULL,NULL,NULL,NULL,NULL,NULL,NULL,NULL,NULL,NULL,NULL,'n9yNAJnPum12d6az2k8Z',NULL,'2012-03-25 17:50:54',NULL,'2012-03-25 17:50:54','2012-03-25 17:50:54'),(13,'Не допусти!','tram.pampam@mail.ru','+7 499 252-83-63',NULL,0,0,0,'$2a$10$93a/8j2TLpzBI4nog46s2O5CJgBRevNWFpN8KVLhWjEYfEFZrev/6',NULL,NULL,NULL,1,'2012-03-26 15:38:52','2012-03-26 15:38:52','213.180.216.228','213.180.216.228',NULL,NULL,NULL,NULL,NULL,NULL,NULL,'Q1GuoHc4FmKoQQcvo9YK',NULL,'2012-03-26 15:35:16',NULL,'2012-03-26 15:35:16','2012-03-26 15:38:52'),(14,'guest','guest_133277737442@guest_email_address.com',NULL,NULL,0,0,0,'',NULL,NULL,NULL,0,NULL,NULL,NULL,NULL,NULL,NULL,NULL,NULL,NULL,NULL,NULL,'nsqczi4EcpLRVcbaechu',NULL,'2012-03-26 15:56:14',NULL,'2012-03-26 15:56:14','2012-03-26 15:56:14'),(16,'','guest_133285802795@guest_email_address.com','',NULL,0,0,0,'',NULL,NULL,NULL,0,NULL,NULL,NULL,NULL,NULL,NULL,NULL,NULL,NULL,NULL,NULL,'JnwywFpWKgsJjcbpYz9e',NULL,'2012-03-27 14:20:27',NULL,'2012-03-27 14:20:27','2012-03-27 14:21:53'),(17,'guest','guest_133293552246@guest_email_address.com',NULL,NULL,0,0,0,'',NULL,NULL,NULL,0,NULL,NULL,NULL,NULL,NULL,NULL,NULL,NULL,NULL,NULL,NULL,'8zxVnWnwKubTVjs9osLC',NULL,'2012-03-28 11:52:02',NULL,'2012-03-28 11:52:02','2012-03-28 11:52:02'),(18,'guest','guest_133293905247@guest_email_address.com',NULL,NULL,0,0,0,'',NULL,NULL,NULL,0,NULL,NULL,NULL,NULL,NULL,NULL,NULL,NULL,NULL,NULL,NULL,'fETVqsy34FenuKHcK9cg',NULL,'2012-03-28 12:50:52',NULL,'2012-03-28 12:50:52','2012-03-28 12:50:52'),(19,'Sergey Korotkov','473556@vk.com',NULL,NULL,0,0,0,'',NULL,NULL,NULL,3,'2012-03-28 12:53:15','2012-03-28 12:53:12','213.180.216.101','213.180.216.101','open-uri20120328-23742-17ddlrl','image/jpeg',17677,'2012-03-28 12:53:14','vkontakte',NULL,NULL,'sVbHt3xresbZpinzJiUU','2012-03-28 12:53:15','2012-03-28 12:53:04',NULL,'2012-03-28 12:53:04','2012-03-28 12:53:15'),(20,'Не допусти!','angrysix@ya.ru','+7 499 252-83-63',NULL,0,0,0,'$2a$10$XXYbASwgR3dOKT42ReeonOvXk98sNQtVeyVHMpXSABxgpgyri68me',NULL,NULL,NULL,1,'2012-03-28 13:04:57','2012-03-28 13:04:57','213.180.216.101','213.180.216.101',NULL,NULL,NULL,NULL,NULL,NULL,NULL,'8x9Tb4UezB2DazWqDbF5',NULL,'2012-03-28 12:55:10',NULL,'2012-03-28 12:55:10','2012-03-28 13:04:57'),(21,'','guest_133301609077@guest_email_address.com','',NULL,0,0,0,'',NULL,NULL,NULL,0,NULL,NULL,NULL,NULL,NULL,NULL,NULL,NULL,NULL,NULL,NULL,'DAL8U1v8Lkgv327jyPbw',NULL,'2012-03-29 10:14:50',NULL,'2012-03-29 10:14:50','2012-04-02 11:33:41'),(22,'guest','guest_133328886459@guest_email_address.com',NULL,NULL,0,0,0,'',NULL,NULL,NULL,0,NULL,NULL,NULL,NULL,NULL,NULL,NULL,NULL,NULL,NULL,NULL,'eKEAS6q6KGMM5yaY893b',NULL,'2012-04-01 14:01:04',NULL,'2012-04-01 14:01:04','2012-04-01 14:01:04'),(23,'Anton Novikov','31116388@vk.com','+7 926 264-63-63',NULL,0,0,0,'$2a$10$PPfvikfBc82gh5k63Sx9ZOOPCiuR.0YBetLhGjpy//ffDaYQidZjm',NULL,NULL,NULL,1,'2012-04-01 19:25:00','2012-04-01 19:25:00','128.72.201.208','128.72.201.208','open-uri20120401-23742-mzzbmj','image/jpeg',10953,'2012-04-01 19:25:00','vkontakte',NULL,NULL,'WpzpkgzD16zYz4uHYmyg','2012-04-01 19:25:00','2012-04-01 19:24:58',NULL,'2012-04-01 19:24:58','2012-04-01 19:25:54'),(24,'poisklyudei.com','banderazzz@mail.ru','+7 926 264-63-63',NULL,0,0,0,'$2a$10$0pmlA6XAqZxP.9Dtm43LFOQIFMjhlFMHU5Qh1TNUIxjXLwZKFSYoS',NULL,NULL,NULL,2,'2012-04-01 20:14:25','2012-04-01 19:39:56','128.72.201.208','128.72.201.208',NULL,NULL,NULL,NULL,NULL,NULL,NULL,'xSpxmfvLzcZGuB1ReWCk',NULL,'2012-04-01 19:35:16',NULL,'2012-04-01 19:35:16','2012-04-03 19:43:04'),(25,'guest','guest_133331088640@guest_email_address.com',NULL,NULL,0,0,0,'',NULL,NULL,NULL,0,NULL,NULL,NULL,NULL,NULL,NULL,NULL,NULL,NULL,NULL,NULL,'RHaaBgBPg4HzQqehWT4L',NULL,'2012-04-01 20:08:06',NULL,'2012-04-01 20:08:06','2012-04-01 20:08:06'),(26,'___','poiskdetei@yandex.ru','+7 813 624-33-01',NULL,0,0,0,'$2a$10$34mcTOm6tRebwnzXJOoUbuC/UdIVv.EQHXiw8cIchlso2mvZFo/PS',NULL,NULL,NULL,1,'2012-04-03 08:26:32','2012-04-03 08:26:32','212.233.117.6','212.233.117.6',NULL,NULL,NULL,NULL,NULL,NULL,NULL,'hHy8rWHyrnUEo5CPR7Zz',NULL,'2012-04-03 08:03:15',NULL,'2012-04-03 08:03:15','2012-04-03 08:26:32'),(27,'guest','guest_133348224737@guest_email_address.com',NULL,NULL,0,0,0,'',NULL,NULL,NULL,0,NULL,NULL,NULL,NULL,NULL,NULL,NULL,NULL,NULL,NULL,NULL,'FEWETVqhPavBNmsWBLyo',NULL,'2012-04-03 19:44:07',NULL,'2012-04-03 19:44:07','2012-04-03 19:44:07');
/*!40000 ALTER TABLE `users` ENABLE KEYS */;
UNLOCK TABLES;
/*!40103 SET TIME_ZONE=@OLD_TIME_ZONE */;

/*!40101 SET SQL_MODE=@OLD_SQL_MODE */;
/*!40014 SET FOREIGN_KEY_CHECKS=@OLD_FOREIGN_KEY_CHECKS */;
/*!40014 SET UNIQUE_CHECKS=@OLD_UNIQUE_CHECKS */;
/*!40101 SET CHARACTER_SET_CLIENT=@OLD_CHARACTER_SET_CLIENT */;
/*!40101 SET CHARACTER_SET_RESULTS=@OLD_CHARACTER_SET_RESULTS */;
/*!40101 SET COLLATION_CONNECTION=@OLD_COLLATION_CONNECTION */;
/*!40111 SET SQL_NOTES=@OLD_SQL_NOTES */;

-- Dump completed on 2012-04-04 10:31:32
